Zip,Month,Average Closing Time
0.0,2024-01-01,26.75861111111111
0.0,2024-06-01,71.48277777777778
0.0,2024-07-01,9.999583333333332
83.0,2024-04-01,18.467222222222222
83.0,2024-07-01,1.8255555555555556
83.0,2024-10-01,0.6179629629629629
83.0,2024-11-01,0.4752777777777778
83.0,2024-12-01,0.36944444444444446
1155.0,2024-05-01,783.3147222222223
1172.0,2024-11-01,214.36416666666668
2062.0,2024-01-01,735.9102777777778
2062.0,2024-08-01,788.2338888888889
2062.0,2024-11-01,725.2872222222222
2184.0,2024-04-01,743.3855555555556
3361.0,2024-05-01,1407.8069444444445
6468.0,2024-04-01,1683.828611111111
7002.0,2024-10-01,74.02555555555556
7078.0,2024-06-01,735.4325
7080.0,2024-10-01,933.9709722222221
7083.0,2024-03-01,734.1186111111111
7110.0,2024-03-01,18.782777777777778
7470.0,2024-10-01,733.5911111111111
7660.0,2024-04-01,356.7663888888889
7660.0,2024-08-01,59.80277777777778
7662.0,2024-03-01,915.7941666666667
7728.0,2024-03-01,11.768055555555556
8050.0,2024-06-01,1370.183611111111
8332.0,2024-05-01,733.0430555555556
8527.0,2024-06-01,755.9894444444444
8690.0,2024-07-01,1045.7455555555555
10000.0,2024-01-01,622.1805480480481
10000.0,2024-02-01,354.8831565656566
10000.0,2024-03-01,488.85686274509806
10000.0,2024-04-01,165.2433943089431
10000.0,2024-05-01,548.4274269005848
10000.0,2024-06-01,504.0600631313131
10000.0,2024-07-01,341.8353801169591
10000.0,2024-08-01,390.496734006734
10000.0,2024-09-01,393.68283950617285
10000.0,2024-10-01,648.0368078324226
10000.0,2024-11-01,1127.4863580246913
10000.0,2024-12-01,1649.056779835391
10001.0,2024-01-01,385.864996904983
10001.0,2024-02-01,427.168726442874
10001.0,2024-03-01,411.7999130398945
10001.0,2024-04-01,965.5021649093378
10001.0,2024-05-01,508.42655645451276
10001.0,2024-06-01,541.8254920296718
10001.0,2024-07-01,339.6211203403566
10001.0,2024-08-01,398.1169108940201
10001.0,2024-09-01,304.27094625112915
10001.0,2024-10-01,298.4037999553472
10001.0,2024-11-01,202.50030009233612
10001.0,2024-12-01,346.65440630991077
10002.0,2024-01-01,344.92790871820614
10002.0,2024-02-01,300.29887509059483
10002.0,2024-03-01,223.27956403591682
10002.0,2024-04-01,605.4437296989503
10002.0,2024-05-01,303.61465600775193
10002.0,2024-06-01,373.6583850606143
10002.0,2024-07-01,241.74931460289514
10002.0,2024-08-01,362.4743221278603
10002.0,2024-09-01,208.45348035414244
10002.0,2024-10-01,196.85743330049667
10002.0,2024-11-01,252.48462935706945
10002.0,2024-12-01,349.0468829428878
10003.0,2024-01-01,201.3184763962945
10003.0,2024-02-01,455.46661958033116
10003.0,2024-03-01,534.8045548938048
10003.0,2024-04-01,546.0358971962617
10003.0,2024-05-01,608.1398759655377
10003.0,2024-06-01,806.2877218681772
10003.0,2024-07-01,428.0282750541791
10003.0,2024-08-01,360.9802683160452
10003.0,2024-09-01,296.7167836407104
10003.0,2024-10-01,304.9369140243361
10003.0,2024-11-01,428.5931241200653
10003.0,2024-12-01,403.32503865516003
10004.0,2024-01-01,186.4110825825826
10004.0,2024-02-01,189.9910866013072
10004.0,2024-03-01,72.33206143790851
10004.0,2024-04-01,1064.8502262262261
10004.0,2024-05-01,134.3952637249391
10004.0,2024-06-01,102.20546427766509
10004.0,2024-07-01,103.95623555555555
10004.0,2024-08-01,129.75639258028795
10004.0,2024-09-01,66.81769013170099
10004.0,2024-10-01,97.75138275015347
10004.0,2024-11-01,58.35575274016764
10004.0,2024-12-01,42.8447349936143
10005.0,2024-01-01,237.995009057971
10005.0,2024-02-01,138.6368736248625
10005.0,2024-03-01,209.42906853864733
10005.0,2024-04-01,958.2570469348659
10005.0,2024-05-01,222.84525752314815
10005.0,2024-06-01,215.20194237918216
10005.0,2024-07-01,89.46994017094016
10005.0,2024-08-01,324.78064373897706
10005.0,2024-09-01,144.66650966183573
10005.0,2024-10-01,211.16335453774386
10005.0,2024-11-01,234.7332111780455
10005.0,2024-12-01,110.06900142450144
10006.0,2024-01-01,99.09217964314679
10006.0,2024-02-01,104.1670813771518
10006.0,2024-03-01,137.60634074074073
10006.0,2024-04-01,178.62924639917696
10006.0,2024-05-01,216.63773615358477
10006.0,2024-06-01,133.23448875255625
10006.0,2024-07-01,26.292383392751038
10006.0,2024-08-01,142.59411046885035
10006.0,2024-09-01,66.91180185185185
10006.0,2024-10-01,69.1732825567503
10006.0,2024-11-01,133.5829652532391
10006.0,2024-12-01,240.65440718157183
10007.0,2024-01-01,236.62622222222222
10007.0,2024-02-01,152.76613432596864
10007.0,2024-03-01,274.0545171149144
10007.0,2024-04-01,662.1132124115902
10007.0,2024-05-01,239.83935524126454
10007.0,2024-06-01,213.44525820105818
10007.0,2024-07-01,212.75228491512345
10007.0,2024-08-01,146.94256994766505
10007.0,2024-09-01,188.8714177425665
10007.0,2024-10-01,135.92939578264395
10007.0,2024-11-01,87.41797592997811
10007.0,2024-12-01,200.5538057081807
10009.0,2024-01-01,333.3984322510366
10009.0,2024-02-01,278.6688277140124
10009.0,2024-03-01,788.7828303758611
10009.0,2024-04-01,440.095093052966
10009.0,2024-05-01,420.33300875099445
10009.0,2024-06-01,431.26420466988725
10009.0,2024-07-01,336.7442515432099
10009.0,2024-08-01,275.57279326992364
10009.0,2024-09-01,222.50211982914982
10009.0,2024-10-01,254.663709806614
10009.0,2024-11-01,352.42667414308715
10009.0,2024-12-01,394.7718096868115
10010.0,2024-01-01,481.9419888526373
10010.0,2024-02-01,460.70118412384716
10010.0,2024-03-01,379.221504908523
10010.0,2024-04-01,640.4835097990367
10010.0,2024-05-01,494.4400535918835
10010.0,2024-06-01,575.7391828735111
10010.0,2024-07-01,425.3459297604547
10010.0,2024-08-01,347.3757729289941
10010.0,2024-09-01,307.17551295819015
10010.0,2024-10-01,274.80602387251196
10010.0,2024-11-01,282.13633154602326
10010.0,2024-12-01,441.0015716598501
10011.0,2024-01-01,451.55168088363956
10011.0,2024-02-01,372.19373841009275
10011.0,2024-03-01,431.3620308020418
10011.0,2024-04-01,436.2870686205273
10011.0,2024-05-01,492.3000218925463
10011.0,2024-06-01,325.57156988964795
10011.0,2024-07-01,311.3402565733673
10011.0,2024-08-01,291.5019524274141
10011.0,2024-09-01,288.1963101832618
10011.0,2024-10-01,302.5728227220907
10011.0,2024-11-01,346.5838468889895
10011.0,2024-12-01,254.08268262313229
10012.0,2024-01-01,287.55682874713364
10012.0,2024-02-01,284.0042620020429
10012.0,2024-03-01,329.04789990911155
10012.0,2024-04-01,538.23958800278
10012.0,2024-05-01,514.4382961849905
10012.0,2024-06-01,584.594007041645
10012.0,2024-07-01,419.2215648222759
10012.0,2024-08-01,333.56566330814445
10012.0,2024-09-01,235.76068590435096
10012.0,2024-10-01,214.91471770551038
10012.0,2024-11-01,213.50151948000632
10012.0,2024-12-01,220.04994404793376
10013.0,2024-01-01,381.9435841003068
10013.0,2024-02-01,374.9984972917581
10013.0,2024-03-01,227.59672082858228
10013.0,2024-04-01,838.6359956925115
10013.0,2024-05-01,315.61626439202473
10013.0,2024-06-01,634.3163552602799
10013.0,2024-07-01,325.5932511863193
10013.0,2024-08-01,322.41359857482183
10013.0,2024-09-01,143.1080390346615
10013.0,2024-10-01,161.32777066416824
10013.0,2024-11-01,198.0944446704638
10013.0,2024-12-01,298.2588540688576
10014.0,2024-01-01,358.2016495635763
10014.0,2024-02-01,327.65140414173413
10014.0,2024-03-01,312.0986549833095
10014.0,2024-04-01,782.1177489446706
10014.0,2024-05-01,353.5726903960237
10014.0,2024-06-01,519.1511992159658
10014.0,2024-07-01,351.7970028421707
10014.0,2024-08-01,307.7410571122786
10014.0,2024-09-01,202.28164724024674
10014.0,2024-10-01,221.63458815028903
10014.0,2024-11-01,282.19576004976284
10014.0,2024-12-01,218.30990548838994
10016.0,2024-01-01,364.97316618714893
10016.0,2024-02-01,415.6875891481015
10016.0,2024-03-01,384.23693894389436
10016.0,2024-04-01,507.66799471710976
10016.0,2024-05-01,487.7855301169591
10016.0,2024-06-01,571.3978445961718
10016.0,2024-07-01,275.6882278699862
10016.0,2024-08-01,405.8991339640271
10016.0,2024-09-01,448.5928747436361
10016.0,2024-10-01,345.82489234747925
10016.0,2024-11-01,663.4626450448627
10016.0,2024-12-01,892.7941690192915
10017.0,2024-01-01,390.1760189861579
10017.0,2024-02-01,511.18744993894995
10017.0,2024-03-01,475.90648202614375
10017.0,2024-04-01,426.8458401475068
10017.0,2024-05-01,498.37370412267467
10017.0,2024-06-01,489.76232915622387
10017.0,2024-07-01,368.98670564638206
10017.0,2024-08-01,474.4245986707566
10017.0,2024-09-01,258.566058984047
10017.0,2024-10-01,263.4797431412895
10017.0,2024-11-01,268.46458790806616
10017.0,2024-12-01,356.39972525804495
10018.0,2024-01-01,395.96366013071895
10018.0,2024-02-01,251.12462249614794
10018.0,2024-03-01,346.7545201310861
10018.0,2024-04-01,2061.7491234811887
10018.0,2024-05-01,427.77600019069416
10018.0,2024-06-01,398.30001551226553
10018.0,2024-07-01,462.32926999463234
10018.0,2024-08-01,202.83185674398626
10018.0,2024-09-01,225.9476221148685
10018.0,2024-10-01,226.0813255076963
10018.0,2024-11-01,337.44944690265487
10018.0,2024-12-01,316.7563290145269
10019.0,2024-01-01,463.0892977661597
10019.0,2024-02-01,501.2716393973008
10019.0,2024-03-01,441.00864850178544
10019.0,2024-04-01,611.9905094867595
10019.0,2024-05-01,525.8135874284586
10019.0,2024-06-01,509.52180027948896
10019.0,2024-07-01,431.6058696671355
10019.0,2024-08-01,422.70637934848736
10019.0,2024-09-01,238.7262732718148
10019.0,2024-10-01,238.05465104738025
10019.0,2024-11-01,273.6465974116506
10019.0,2024-12-01,336.8758187830688
10020.0,2024-01-01,1397.673954248366
10020.0,2024-02-01,719.222876344086
10020.0,2024-03-01,1387.911138888889
10020.0,2024-04-01,2583.3871944444445
10020.0,2024-05-01,1695.7540187198067
10020.0,2024-06-01,1492.0448877068557
10020.0,2024-07-01,404.4536111111112
10020.0,2024-08-01,1217.8951203703703
10020.0,2024-09-01,869.9949857549858
10020.0,2024-10-01,626.4327700617283
10020.0,2024-11-01,151.26104166666667
10020.0,2024-12-01,174.1659500805153
10021.0,2024-01-01,533.7552601345807
10021.0,2024-02-01,309.2938551677626
10021.0,2024-03-01,703.295620018753
10021.0,2024-04-01,533.002642874011
10021.0,2024-05-01,816.5098512024721
10021.0,2024-06-01,759.0732986111111
10021.0,2024-07-01,385.85703841387857
10021.0,2024-08-01,386.3248024587087
10021.0,2024-09-01,521.120499046841
10021.0,2024-10-01,533.5567467658083
10021.0,2024-11-01,374.0805201090661
10021.0,2024-12-01,424.78506523829145
10022.0,2024-01-01,405.26196447149397
10022.0,2024-02-01,530.3439100647734
10022.0,2024-03-01,556.3969003638399
10022.0,2024-04-01,637.9375969062236
10022.0,2024-05-01,539.6997318747318
10022.0,2024-06-01,682.2084665455646
10022.0,2024-07-01,601.113166989664
10022.0,2024-08-01,481.01084238736775
10022.0,2024-09-01,384.6876253949447
10022.0,2024-10-01,333.35678331356263
10022.0,2024-11-01,388.2042508028259
10022.0,2024-12-01,495.8284094171691
10023.0,2024-01-01,542.6757397451215
10023.0,2024-02-01,596.5505660032387
10023.0,2024-03-01,352.5884943818092
10023.0,2024-04-01,360.5027907495237
10023.0,2024-05-01,644.5268774754056
10023.0,2024-06-01,664.5175226987709
10023.0,2024-07-01,367.3594080183276
10023.0,2024-08-01,571.5804753626439
10023.0,2024-09-01,363.05111773954866
10023.0,2024-10-01,809.7925455992661
10023.0,2024-11-01,1709.7276730046094
10023.0,2024-12-01,1926.0290560460553
10024.0,2024-01-01,456.046972505003
10024.0,2024-02-01,358.489257925072
10024.0,2024-03-01,359.4113950617284
10024.0,2024-04-01,453.6742246848652
10024.0,2024-05-01,571.6326682368775
10024.0,2024-06-01,419.83948576877935
10024.0,2024-07-01,391.09398236027226
10024.0,2024-08-01,330.06949727976564
10024.0,2024-09-01,197.84835879629628
10024.0,2024-10-01,238.78430990173848
10024.0,2024-11-01,261.05700156372166
10024.0,2024-12-01,313.5392015322507
10025.0,2024-01-01,792.0065349094939
10025.0,2024-02-01,739.3458882924335
10025.0,2024-03-01,744.6647953389459
10025.0,2024-04-01,707.4997528284364
10025.0,2024-05-01,632.0593268529248
10025.0,2024-06-01,583.2199658631569
10025.0,2024-07-01,532.1614303083747
10025.0,2024-08-01,411.9304301987397
10025.0,2024-09-01,264.7705162749427
10025.0,2024-10-01,239.02585466197638
10025.0,2024-11-01,337.49396893037516
10025.0,2024-12-01,460.35714417989414
10026.0,2024-01-01,365.70644986449867
10026.0,2024-02-01,283.56570193267726
10026.0,2024-03-01,387.0352508325764
10026.0,2024-04-01,533.5380515422543
10026.0,2024-05-01,322.45128716744915
10026.0,2024-06-01,284.25596483037657
10026.0,2024-07-01,271.63569887370284
10026.0,2024-08-01,256.98486474116163
10026.0,2024-09-01,175.23052767770344
10026.0,2024-10-01,184.3784146776406
10026.0,2024-11-01,293.747038671024
10026.0,2024-12-01,390.858413267474
10027.0,2024-01-01,368.86973502304147
10027.0,2024-02-01,283.77758555962987
10027.0,2024-03-01,539.5830856492386
10027.0,2024-04-01,605.4184130522902
10027.0,2024-05-01,487.7492774804447
10027.0,2024-06-01,459.53775759684527
10027.0,2024-07-01,300.435621474359
10027.0,2024-08-01,295.2581635206635
10027.0,2024-09-01,186.15867052094072
10027.0,2024-10-01,259.92454419825344
10027.0,2024-11-01,279.87654471242126
10027.0,2024-12-01,394.30262127997014
10028.0,2024-01-01,926.479795904248
10028.0,2024-02-01,461.4565091485908
10028.0,2024-03-01,547.3532786885246
10028.0,2024-04-01,864.4022402387867
10028.0,2024-05-01,707.1219878005023
10028.0,2024-06-01,480.3570074696545
10028.0,2024-07-01,357.91389200680277
10028.0,2024-08-01,391.0375543345544
10028.0,2024-09-01,314.3185494997367
10028.0,2024-10-01,231.04099655312248
10028.0,2024-11-01,353.70043646268846
10028.0,2024-12-01,409.0576777896107
10029.0,2024-01-01,394.03842868513215
10029.0,2024-02-01,330.81686737862606
10029.0,2024-03-01,280.80301830883326
10029.0,2024-04-01,360.7725106669005
10029.0,2024-05-01,273.7149494949495
10029.0,2024-06-01,208.90754507851588
10029.0,2024-07-01,160.15137657202126
10029.0,2024-08-01,193.49720318194562
10029.0,2024-09-01,169.33563286971184
10029.0,2024-10-01,209.56009785353535
10029.0,2024-11-01,255.617226342711
10029.0,2024-12-01,401.36911316144256
10030.0,2024-01-01,356.8160651106378
10030.0,2024-02-01,268.4878322844085
10030.0,2024-03-01,457.82591433758046
10030.0,2024-04-01,321.64018234243014
10030.0,2024-05-01,564.5527043886688
10030.0,2024-06-01,257.550150596321
10030.0,2024-07-01,201.21873591948278
10030.0,2024-08-01,203.37267570970695
10030.0,2024-09-01,171.34149006034787
10030.0,2024-10-01,218.2595229950589
10030.0,2024-11-01,252.7227176628568
10030.0,2024-12-01,328.321952164465
10031.0,2024-01-01,311.7657814864017
10031.0,2024-02-01,280.66533008658007
10031.0,2024-03-01,559.7158377815636
10031.0,2024-04-01,511.7256190178943
10031.0,2024-05-01,471.0947233374224
10031.0,2024-06-01,202.09386610175366
10031.0,2024-07-01,205.59062193017388
10031.0,2024-08-01,184.61944199576868
10031.0,2024-09-01,142.560502129504
10031.0,2024-10-01,149.43389692498354
10031.0,2024-11-01,250.1203071826237
10031.0,2024-12-01,327.57691244855965
10032.0,2024-01-01,357.1021257598067
10032.0,2024-02-01,261.3014572328793
10032.0,2024-03-01,281.0705765095664
10032.0,2024-04-01,384.315051157009
10032.0,2024-05-01,279.1258222637332
10032.0,2024-06-01,232.89209006044047
10032.0,2024-07-01,389.46502213678195
10032.0,2024-08-01,181.4696370934456
10032.0,2024-09-01,162.92762136347704
10032.0,2024-10-01,266.6461012715713
10032.0,2024-11-01,294.2664109538166
10032.0,2024-12-01,359.28130883736145
10033.0,2024-01-01,289.8272770247657
10033.0,2024-02-01,286.3964356664357
10033.0,2024-03-01,267.52652849592096
10033.0,2024-04-01,335.7086605221429
10033.0,2024-05-01,257.7319447342491
10033.0,2024-06-01,206.49991940934854
10033.0,2024-07-01,327.98018765711413
10033.0,2024-08-01,179.17715662208678
10033.0,2024-09-01,157.3944073335549
10033.0,2024-10-01,173.05578085492104
10033.0,2024-11-01,207.038300406021
10033.0,2024-12-01,268.6083911900066
10034.0,2024-01-01,303.1022739791073
10034.0,2024-02-01,187.16522023916832
10034.0,2024-03-01,450.60006319351146
10034.0,2024-04-01,375.6125242742743
10034.0,2024-05-01,190.46447600124668
10034.0,2024-06-01,118.56058148328201
10034.0,2024-07-01,129.53625573485206
10034.0,2024-08-01,146.45420450394028
10034.0,2024-09-01,110.51702364788414
10034.0,2024-10-01,117.84174120661542
10034.0,2024-11-01,232.34021703806872
10034.0,2024-12-01,259.591426291423
10035.0,2024-01-01,361.1261816091954
10035.0,2024-02-01,421.74610882173386
10035.0,2024-03-01,671.7993597368658
10035.0,2024-04-01,806.9092380310182
10035.0,2024-05-01,237.9841484942887
10035.0,2024-06-01,279.8288338106778
10035.0,2024-07-01,249.13713942705746
10035.0,2024-08-01,223.32591682382525
10035.0,2024-09-01,173.41992752745477
10035.0,2024-10-01,215.40017502986856
10035.0,2024-11-01,401.5821099563767
10035.0,2024-12-01,412.0875772964595
10036.0,2024-01-01,349.9158551128249
10036.0,2024-02-01,413.7797567612828
10036.0,2024-03-01,445.27011152626807
10036.0,2024-04-01,881.7124206901888
10036.0,2024-05-01,482.2163957797378
10036.0,2024-06-01,567.7534005758807
10036.0,2024-07-01,533.1556491138377
10036.0,2024-08-01,327.1288107247621
10036.0,2024-09-01,240.02511954572626
10036.0,2024-10-01,296.2820623733186
10036.0,2024-11-01,493.030698421439
10036.0,2024-12-01,496.40194811782817
10037.0,2024-01-01,455.88057319223986
10037.0,2024-02-01,276.8433422787194
10037.0,2024-03-01,265.8576740740741
10037.0,2024-04-01,666.2875871323017
10037.0,2024-05-01,233.52812902718844
10037.0,2024-06-01,330.10793456957634
10037.0,2024-07-01,386.3639571891283
10037.0,2024-08-01,336.81701823429097
10037.0,2024-09-01,213.9999077892325
10037.0,2024-10-01,271.2615049952747
10037.0,2024-11-01,467.38920198048635
10037.0,2024-12-01,545.3054231540458
10038.0,2024-01-01,330.76336805555553
10038.0,2024-02-01,174.44410404624278
10038.0,2024-03-01,430.8559829396325
10038.0,2024-04-01,1068.3224313670935
10038.0,2024-05-01,415.84165388007057
10038.0,2024-06-01,287.0594861743382
10038.0,2024-07-01,210.16770147830232
10038.0,2024-08-01,331.4604720807395
10038.0,2024-09-01,202.4180055642497
10038.0,2024-10-01,175.54407499604866
10038.0,2024-11-01,188.2233609437751
10038.0,2024-12-01,222.55121315192744
10039.0,2024-01-01,297.39322254647647
10039.0,2024-02-01,319.8944281336497
10039.0,2024-03-01,636.5736627680312
10039.0,2024-04-01,276.52023477564103
10039.0,2024-05-01,342.1988333811848
10039.0,2024-06-01,303.2517891549684
10039.0,2024-07-01,319.1576804489912
10039.0,2024-08-01,233.17084189101675
10039.0,2024-09-01,187.4034596186483
10039.0,2024-10-01,210.09799835359675
10039.0,2024-11-01,250.188816542866
10039.0,2024-12-01,407.77232849214784
10040.0,2024-01-01,261.3157486377636
10040.0,2024-02-01,237.85316849458152
10040.0,2024-03-01,206.90004530093805
10040.0,2024-04-01,397.80050987781203
10040.0,2024-05-01,223.22478998055084
10040.0,2024-06-01,136.0366609392898
10040.0,2024-07-01,185.06159046927914
10040.0,2024-08-01,134.63365903890158
10040.0,2024-09-01,99.04027599238232
10040.0,2024-10-01,143.9449954611474
10040.0,2024-11-01,312.8255412905903
10040.0,2024-12-01,381.6108443471793
10041.0,2024-01-01,189.21944444444443
10041.0,2024-02-01,154.82694444444445
10041.0,2024-03-01,23.238055555555555
10041.0,2024-04-01,124.72938888888889
10041.0,2024-05-01,279.10922839506173
10041.0,2024-06-01,1382.0483333333334
10041.0,2024-07-01,214.8311111111111
10041.0,2024-08-01,11.945069444444444
10041.0,2024-09-01,8.460694444444446
10041.0,2024-10-01,196.95574074074077
10041.0,2024-11-01,0.6158333333333333
10041.0,2024-12-01,14.834027777777777
10044.0,2024-01-01,142.17542052469136
10044.0,2024-02-01,178.033280141844
10044.0,2024-03-01,365.49019444444446
10044.0,2024-04-01,246.18604938271605
10044.0,2024-05-01,275.802829218107
10044.0,2024-06-01,286.6291550925926
10044.0,2024-07-01,218.43514227642277
10044.0,2024-08-01,323.1289777777778
10044.0,2024-09-01,321.07503472222226
10044.0,2024-10-01,368.1384741784037
10044.0,2024-11-01,736.2710049019609
10044.0,2024-12-01,1495.444537037037
10045.0,2024-01-01,0.27166666666666667
10045.0,2024-02-01,0.45944444444444443
10045.0,2024-03-01,47.542685185185185
10045.0,2024-04-01,1265.703148148148
10045.0,2024-05-01,0.8221759259259259
10045.0,2024-06-01,18.654027777777777
10045.0,2024-07-01,49.058055555555555
10045.0,2024-08-01,194.88888888888889
10045.0,2024-09-01,1.1629166666666666
10045.0,2024-11-01,1.5599074074074073
10045.0,2024-12-01,654.2446527777778
10048.0,2024-02-01,1.0693055555555555
10048.0,2024-03-01,1171.2168055555555
10048.0,2024-05-01,716.3472222222222
10048.0,2024-06-01,21.773055555555555
10048.0,2024-07-01,62.47
10048.0,2024-09-01,1.6488888888888888
10048.0,2024-11-01,3.1706944444444445
10048.0,2024-12-01,1.7648148148148148
10055.0,2024-03-01,13.448333333333334
10055.0,2024-05-01,0.0
10055.0,2024-07-01,149.1952777777778
10055.0,2024-12-01,4.468333333333334
10065.0,2024-01-01,465.8831224028907
10065.0,2024-02-01,463.31773343766304
10065.0,2024-03-01,421.93458333333336
10065.0,2024-04-01,502.14574340527577
10065.0,2024-05-01,586.5285251322751
10065.0,2024-06-01,539.4243415897005
10065.0,2024-07-01,350.81421682098767
10065.0,2024-08-01,303.92926476301477
10065.0,2024-09-01,290.76034794938914
10065.0,2024-10-01,194.81174917135036
10065.0,2024-11-01,335.17448228414173
10065.0,2024-12-01,452.1426036699899
10069.0,2024-01-01,366.2538742690059
10069.0,2024-02-01,89.30339869281045
10069.0,2024-03-01,164.50996031746033
10069.0,2024-04-01,129.59683673469388
10069.0,2024-05-01,126.78748196248196
10069.0,2024-06-01,131.17461221122113
10069.0,2024-07-01,371.2005555555555
10069.0,2024-08-01,211.21918253968258
10069.0,2024-09-01,105.25675026968716
10069.0,2024-10-01,47.35120268620269
10069.0,2024-11-01,145.03685185185185
10069.0,2024-12-01,150.31088213213215
10075.0,2024-01-01,308.2260765142399
10075.0,2024-02-01,347.3659540343915
10075.0,2024-03-01,963.4612354497355
10075.0,2024-04-01,557.9808734079929
10075.0,2024-05-01,516.2545163398693
10075.0,2024-06-01,552.3896877534469
10075.0,2024-07-01,246.33618243243242
10075.0,2024-08-01,330.7089172979798
10075.0,2024-09-01,424.98306809631305
10075.0,2024-10-01,362.07782650273225
10075.0,2024-11-01,269.32911333802156
10075.0,2024-12-01,389.1564635157546
10080.0,2024-07-01,1.4002777777777777
10080.0,2024-08-01,1.2824074074074074
10080.0,2024-09-01,1.966388888888889
10103.0,2024-01-01,1372.8442222222222
10103.0,2024-02-01,2672.490694444444
10103.0,2024-03-01,4181.856825396825
10103.0,2024-04-01,4413.1300925925925
10103.0,2024-05-01,2358.0622222222223
10103.0,2024-06-01,3611.857314814815
10103.0,2024-07-01,2859.298148148148
10103.0,2024-08-01,1369.9831597222221
10103.0,2024-09-01,545.5046428571429
10103.0,2024-10-01,549.9543518518518
10103.0,2024-11-01,644.3997863247864
10103.0,2024-12-01,3519.307579365079
10105.0,2024-01-01,1321.9557777777777
10105.0,2024-02-01,468.1205000000001
10105.0,2024-03-01,594.0383101851852
10105.0,2024-04-01,819.210638888889
10105.0,2024-05-01,701.1385101010102
10105.0,2024-06-01,2254.0314351851853
10105.0,2024-07-01,929.9647222222221
10105.0,2024-08-01,139.42138888888888
10105.0,2024-09-01,932.5659477124183
10105.0,2024-10-01,963.8552314814815
10105.0,2024-11-01,1476.8827777777776
10105.0,2024-12-01,713.5977777777778
10106.0,2024-01-01,0.72625
10106.0,2024-02-01,0.48138888888888887
10106.0,2024-03-01,1104.5184722222223
10106.0,2024-04-01,7.564375
10106.0,2024-05-01,144.09336257309943
10106.0,2024-06-01,28.377685185185186
10106.0,2024-07-01,92.4825
10106.0,2024-09-01,310.7366666666667
10106.0,2024-11-01,250.2003472222222
10106.0,2024-12-01,562.8438888888888
10107.0,2024-01-01,421.8667013888889
10107.0,2024-02-01,1.118638888888889
10107.0,2024-03-01,0.7870138888888889
10107.0,2024-04-01,5.699907407407408
10107.0,2024-06-01,104.79722222222222
10107.0,2024-07-01,20.0159126984127
10107.0,2024-08-01,2.8951851851851855
10107.0,2024-09-01,33.899104938271606
10107.0,2024-10-01,5.476284722222222
10107.0,2024-11-01,0.0662962962962963
10110.0,2024-02-01,451.04583333333335
10110.0,2024-03-01,0.3030555555555555
10110.0,2024-04-01,28.5090404040404
10110.0,2024-05-01,1.0744444444444443
10110.0,2024-06-01,1.0520833333333333
10110.0,2024-07-01,1.5634722222222224
10110.0,2024-08-01,1.4425
10110.0,2024-09-01,5.003555555555556
10110.0,2024-10-01,198.31569444444446
10110.0,2024-11-01,1140.492638888889
10110.0,2024-12-01,1.8825925925925926
10111.0,2024-01-01,0.29000000000000004
10111.0,2024-02-01,0.48277777777777775
10111.0,2024-03-01,911.6738888888888
10111.0,2024-05-01,513.0970987654322
10111.0,2024-07-01,50.7575
10111.0,2024-08-01,1268.8775
10111.0,2024-09-01,332.62208333333336
10111.0,2024-10-01,18.40509259259259
10111.0,2024-11-01,754.8319444444444
10111.0,2024-12-01,3815.571388888889
10112.0,2024-01-01,0.0
10112.0,2024-02-01,732.7530555555555
10112.0,2024-03-01,971.0170138888889
10112.0,2024-04-01,101.73672222222223
10112.0,2024-05-01,1174.7610185185185
10112.0,2024-06-01,1674.2466666666664
10112.0,2024-07-01,1433.4249305555556
10112.0,2024-08-01,1.2902777777777779
10112.0,2024-09-01,451.13194444444446
10112.0,2024-10-01,2521.3975
10112.0,2024-11-01,522.2523148148148
10112.0,2024-12-01,28.937083333333334
10115.0,2024-02-01,0.3711111111111111
10115.0,2024-03-01,142.89666666666668
10115.0,2024-04-01,257.4912962962963
10115.0,2024-05-01,0.4831944444444445
10115.0,2024-06-01,0.45611111111111113
10115.0,2024-07-01,1111.1200000000001
10115.0,2024-08-01,25.278333333333332
10115.0,2024-09-01,1.1247222222222222
10115.0,2024-11-01,9.616666666666667
10115.0,2024-12-01,23.581944444444446
10118.0,2024-01-01,0.195
10118.0,2024-02-01,12.888888888888888
10118.0,2024-03-01,945.2623611111111
10118.0,2024-04-01,1221.4715277777777
10118.0,2024-05-01,11.002277777777778
10118.0,2024-06-01,6.4755208333333325
10118.0,2024-07-01,685.624007936508
10118.0,2024-08-01,171.06777777777776
10118.0,2024-09-01,1.2163194444444445
10118.0,2024-10-01,2.329670138888889
10118.0,2024-11-01,331.9770833333334
10118.0,2024-12-01,20.584861111111113
10119.0,2024-01-01,1198.1687962962963
10119.0,2024-02-01,1331.2499444444443
10119.0,2024-03-01,1979.144642857143
10119.0,2024-04-01,2322.6001984126983
10119.0,2024-05-01,1074.091064814815
10119.0,2024-06-01,2138.2211666666667
10119.0,2024-07-01,235.39369047619044
10119.0,2024-08-01,1843.7202777777777
10119.0,2024-09-01,372.6790079365079
10119.0,2024-10-01,7.99037037037037
10119.0,2024-11-01,706.8468055555555
10119.0,2024-12-01,48.842901234567904
10120.0,2024-01-01,17.694444444444446
10120.0,2024-02-01,0.8259722222222222
10120.0,2024-03-01,0.35094444444444445
10120.0,2024-04-01,3.1621913580246916
10120.0,2024-05-01,198.4123263888889
10120.0,2024-06-01,0.7760802469135802
10120.0,2024-07-01,0.7448611111111111
10120.0,2024-08-01,0.7065277777777778
10120.0,2024-09-01,195.8244259259259
10120.0,2024-10-01,1.030347222222222
10120.0,2024-11-01,11.889267676767679
10120.0,2024-12-01,161.29206790123456
10121.0,2024-01-01,705.1193055555556
10121.0,2024-02-01,1032.6764814814815
10121.0,2024-03-01,940.1084583333334
10121.0,2024-04-01,912.81578125
10121.0,2024-05-01,1000.4603409090909
10121.0,2024-06-01,1225.0223765432097
10121.0,2024-07-01,922.1564814814815
10121.0,2024-08-01,1105.8468713450293
10121.0,2024-09-01,549.0783422939068
10121.0,2024-10-01,871.2772301587302
10121.0,2024-11-01,748.8929526748972
10121.0,2024-12-01,417.6003333333333
10122.0,2024-02-01,0.27666666666666667
10122.0,2024-05-01,730.0566666666666
10123.0,2024-01-01,2299.0597222222223
10123.0,2024-02-01,120.57944444444445
10123.0,2024-03-01,3.183333333333333
10123.0,2024-04-01,8040.774861111111
10123.0,2024-05-01,519.3729629629629
10123.0,2024-06-01,921.8393749999999
10123.0,2024-07-01,21.41444444444444
10123.0,2024-08-01,1.5819444444444444
10123.0,2024-09-01,1.3682407407407409
10123.0,2024-10-01,7.771611111111111
10123.0,2024-11-01,1007.1855555555554
10123.0,2024-12-01,10.559722222222222
10128.0,2024-01-01,354.24741967058185
10128.0,2024-02-01,316.1340310971349
10128.0,2024-03-01,282.658939558451
10128.0,2024-04-01,596.8845338714783
10128.0,2024-05-01,480.0641528115707
10128.0,2024-06-01,440.91726882190187
10128.0,2024-07-01,272.9170243261012
10128.0,2024-08-01,280.3513176007866
10128.0,2024-09-01,212.89135963324887
10128.0,2024-10-01,241.62926278918215
10128.0,2024-11-01,306.80567041198503
10128.0,2024-12-01,378.52577756734007
10151.0,2024-01-01,34.0125
10151.0,2024-02-01,7791.892013888889
10151.0,2024-03-01,7187.496611111111
10151.0,2024-04-01,6544.846875
10151.0,2024-05-01,3863.771736111111
10151.0,2024-06-01,1406.2604861111113
10151.0,2024-07-01,0.8652777777777778
10151.0,2024-08-01,1.8086111111111112
10151.0,2024-09-01,8.717083333333333
10151.0,2024-10-01,1030.78125
10151.0,2024-11-01,2001.551296296296
10151.0,2024-12-01,70.25416666666666
10152.0,2024-02-01,0.51
10152.0,2024-03-01,843.2299074074075
10152.0,2024-05-01,1.592638888888889
10152.0,2024-07-01,1.2922222222222222
10152.0,2024-08-01,22.03986111111111
10152.0,2024-09-01,1839.7070833333332
10152.0,2024-12-01,628.8977777777778
10153.0,2024-01-01,984.1822222222222
10153.0,2024-02-01,5485.084666666667
10153.0,2024-03-01,5818.064138888889
10153.0,2024-04-01,6045.7395
10153.0,2024-05-01,5108.982746913581
10153.0,2024-06-01,3265.770972222222
10153.0,2024-07-01,2156.5163636363636
10153.0,2024-08-01,2634.5676736111113
10153.0,2024-09-01,1855.4619444444445
10153.0,2024-10-01,1493.2729166666666
10153.0,2024-11-01,1237.8045833333333
10153.0,2024-12-01,1136.1413383838385
10154.0,2024-01-01,0.5962777777777777
10154.0,2024-03-01,15.834583333333335
10154.0,2024-04-01,1.6677777777777778
10154.0,2024-05-01,11.85923611111111
10154.0,2024-07-01,11.012361111111112
10154.0,2024-08-01,4.4719444444444445
10154.0,2024-09-01,18.183680555555554
10154.0,2024-10-01,5.475833333333333
10154.0,2024-11-01,3356.6219444444446
10154.0,2024-12-01,1.625
10155.0,2024-01-01,24.96125
10155.0,2024-07-01,1633.7063888888888
10155.0,2024-09-01,0.3605555555555556
10155.0,2024-10-01,541.8188888888889
10158.0,2024-03-01,0.19
10158.0,2024-04-01,0.25708333333333333
10158.0,2024-05-01,0.3362847222222222
10158.0,2024-06-01,0.3112962962962963
10158.0,2024-07-01,0.25375000000000003
10158.0,2024-08-01,0.2652777777777778
10158.0,2024-09-01,0.1425
10158.0,2024-10-01,0.6158333333333333
10158.0,2024-11-01,199.95624999999998
10158.0,2024-12-01,669.9493055555556
10162.0,2024-01-01,0.5144444444444445
10162.0,2024-02-01,38.410694444444445
10162.0,2024-04-01,35.025
10162.0,2024-05-01,1073.9300925925925
10162.0,2024-06-01,2682.464074074074
10162.0,2024-07-01,79.50368055555556
10162.0,2024-08-01,0.0
10162.0,2024-09-01,30.831666666666667
10162.0,2024-10-01,15.41388888888889
10162.0,2024-11-01,97.91629629629631
10162.0,2024-12-01,3.495277777777778
10165.0,2024-01-01,20.30611111111111
10165.0,2024-02-01,7.278472222222223
10165.0,2024-03-01,2.446388888888889
10165.0,2024-05-01,3639.1965277777776
10165.0,2024-06-01,2185.7165277777776
10165.0,2024-07-01,1418.0255555555552
10165.0,2024-08-01,7.38212962962963
10165.0,2024-09-01,0.6483333333333333
10165.0,2024-10-01,0.0
10165.0,2024-12-01,692.7379861111111
10166.0,2024-01-01,6.283333333333333
10166.0,2024-02-01,0.5077777777777778
10166.0,2024-06-01,51.03111111111111
10166.0,2024-07-01,8.106018518518518
10166.0,2024-09-01,1.5919444444444444
10167.0,2024-01-01,1660.1268055555556
10167.0,2024-02-01,1.6325
10167.0,2024-03-01,20.45
10167.0,2024-04-01,0.5361111111111111
10167.0,2024-05-01,2.9427777777777777
10167.0,2024-07-01,11.011527777777777
10167.0,2024-08-01,0.051111111111111114
10167.0,2024-09-01,54.86138888888889
10167.0,2024-10-01,1.485
10167.0,2024-12-01,0.8538888888888889
10168.0,2024-01-01,96.99552083333333
10168.0,2024-02-01,0.6863541666666666
10168.0,2024-03-01,582.867
10168.0,2024-04-01,1884.730138888889
10168.0,2024-05-01,53.26592592592593
10168.0,2024-06-01,619.8156481481481
10168.0,2024-07-01,548.7370138888889
10168.0,2024-08-01,971.8334722222222
10168.0,2024-09-01,196.21972222222223
10168.0,2024-10-01,229.17506172839506
10168.0,2024-11-01,7.561597222222222
10168.0,2024-12-01,287.2048148148148
10169.0,2024-01-01,176.5509188034188
10169.0,2024-02-01,37.14155934343434
10169.0,2024-03-01,34.29602490421456
10169.0,2024-04-01,4.396982758620689
10169.0,2024-05-01,35.542801932367155
10169.0,2024-06-01,36.35925925925926
10169.0,2024-07-01,55.06375992063492
10169.0,2024-08-01,89.16746913580248
10169.0,2024-09-01,201.25990384615383
10169.0,2024-10-01,271.8566319444445
10169.0,2024-11-01,320.5054487179487
10169.0,2024-12-01,28.237499999999997
10170.0,2024-01-01,51.22770833333333
10170.0,2024-03-01,3.86625
10170.0,2024-04-01,12.872638888888888
10170.0,2024-05-01,46.01166666666666
10170.0,2024-07-01,550.6382407407408
10170.0,2024-08-01,2.008888888888889
10170.0,2024-09-01,0.28888888888888886
10170.0,2024-10-01,695.1541666666667
10170.0,2024-11-01,35.56358585858586
10170.0,2024-12-01,1.8202777777777779
10171.0,2024-02-01,1246.402361111111
10171.0,2024-03-01,31.81277777777778
10171.0,2024-08-01,1858.8246825396823
10171.0,2024-09-01,1.1328703703703704
10171.0,2024-10-01,312.5028125
10171.0,2024-11-01,1.6705555555555556
10171.0,2024-12-01,1.196388888888889
10172.0,2024-01-01,0.7166666666666667
10172.0,2024-02-01,21.433333333333334
10172.0,2024-03-01,40.240722222222225
10172.0,2024-04-01,0.0
10172.0,2024-05-01,2447.3964814814813
10172.0,2024-06-01,1.7777777777777777
10172.0,2024-07-01,454.4697685185185
10172.0,2024-08-01,746.9112962962963
10172.0,2024-09-01,587.5527777777778
10172.0,2024-10-01,2809.7294444444447
10172.0,2024-11-01,111.29624999999999
10172.0,2024-12-01,0.945
10173.0,2024-01-01,1328.9347222222223
10173.0,2024-02-01,0.4033333333333333
10173.0,2024-04-01,0.4597222222222222
10173.0,2024-05-01,4395.450555555555
10173.0,2024-06-01,5.3748611111111115
10173.0,2024-07-01,132.61777777777777
10173.0,2024-08-01,63.36666666666667
10173.0,2024-09-01,1016.5966666666667
10173.0,2024-10-01,4.716611111111112
10173.0,2024-12-01,0.65
10174.0,2024-02-01,1.5061111111111112
10174.0,2024-03-01,0.7052777777777778
10174.0,2024-04-01,0.2275
10174.0,2024-05-01,0.2775
10174.0,2024-06-01,1.0565277777777777
10174.0,2024-07-01,30.701805555555556
10174.0,2024-08-01,1189.7158333333332
10174.0,2024-09-01,196.37842592592588
10174.0,2024-10-01,0.8463888888888889
10174.0,2024-11-01,96.13805555555555
10174.0,2024-12-01,1.8500000000000003
10175.0,2024-03-01,1.0580555555555555
10175.0,2024-04-01,0.9359027777777778
10175.0,2024-05-01,906.5868055555555
10175.0,2024-06-01,2062.119722222222
10175.0,2024-07-01,1.0322222222222222
10175.0,2024-09-01,1.4313888888888888
10175.0,2024-10-01,1.785
10175.0,2024-11-01,1.995
10175.0,2024-12-01,0.5458333333333333
10176.0,2024-02-01,295.99611111111113
10176.0,2024-03-01,20.001666666666665
10176.0,2024-04-01,0.16777777777777778
10176.0,2024-06-01,0.8069444444444445
10176.0,2024-07-01,0.6827777777777778
10176.0,2024-08-01,4.313055555555556
10176.0,2024-09-01,0.9868518518518519
10176.0,2024-10-01,3.5387500000000003
10176.0,2024-11-01,6.911944444444444
10176.0,2024-12-01,3.793703703703704
10177.0,2024-04-01,3.987111111111111
10177.0,2024-06-01,1169.0056944444445
10177.0,2024-10-01,46.713055555555556
10177.0,2024-11-01,34.028055555555554
10178.0,2024-01-01,33.73861111111111
10178.0,2024-02-01,35.995
10178.0,2024-03-01,149.40305555555557
10178.0,2024-04-01,0.24166666666666667
10178.0,2024-06-01,0.9036111111111111
10178.0,2024-07-01,785.7001388888889
10178.0,2024-08-01,624.6761111111111
10178.0,2024-09-01,1.7894444444444444
10178.0,2024-10-01,3.2761111111111108
10178.0,2024-11-01,384.0708333333333
10178.0,2024-12-01,728.1221296296297
10179.0,2024-01-01,21.087777777777777
10179.0,2024-02-01,15.651944444444444
10179.0,2024-04-01,105.63694444444444
10179.0,2024-06-01,0.8947222222222222
10179.0,2024-07-01,17.666666666666668
10179.0,2024-11-01,83.26305555555555
10271.0,2024-01-01,1.6029563492063492
10271.0,2024-02-01,1.5372222222222223
10271.0,2024-03-01,1.4615079365079366
10271.0,2024-04-01,248.41191666666663
10271.0,2024-05-01,1.2673232323232322
10271.0,2024-06-01,1.4551111111111112
10271.0,2024-07-01,1.5491666666666668
10271.0,2024-08-01,0.9317361111111111
10271.0,2024-09-01,23.71534722222222
10271.0,2024-10-01,781.4973148148148
10271.0,2024-11-01,144.935
10271.0,2024-12-01,0.8068055555555556
10278.0,2024-01-01,318.4095593869732
10278.0,2024-02-01,7.666041666666667
10278.0,2024-03-01,50.39601851851852
10278.0,2024-04-01,8.449055555555557
10278.0,2024-05-01,0.5795833333333333
10278.0,2024-06-01,44.5613492063492
10278.0,2024-07-01,7.57925925925926
10278.0,2024-08-01,29.708412698412697
10278.0,2024-09-01,589.8564444444444
10278.0,2024-10-01,6.066805555555555
10278.0,2024-11-01,0.4796666666666667
10278.0,2024-12-01,19.54087962962963
10279.0,2024-01-01,319.6383333333333
10279.0,2024-02-01,98.41777777777776
10279.0,2024-03-01,100.879375
10279.0,2024-04-01,206.77092592592592
10279.0,2024-05-01,1.0277430555555556
10279.0,2024-06-01,2193.5822222222223
10279.0,2024-07-01,0.6741666666666667
10279.0,2024-08-01,72.40412037037036
10279.0,2024-09-01,17.03046296296296
10279.0,2024-10-01,160.4900462962963
10279.0,2024-11-01,47.50875
10279.0,2024-12-01,0.5169444444444444
10280.0,2024-01-01,299.62914141414143
10280.0,2024-02-01,505.3405769230769
10280.0,2024-03-01,381.6258289241623
10280.0,2024-04-01,182.9266011235955
10280.0,2024-05-01,204.1793888888889
10280.0,2024-06-01,413.366223628692
10280.0,2024-07-01,109.05172514619883
10280.0,2024-08-01,515.5787631381381
10280.0,2024-09-01,382.9540723751274
10280.0,2024-10-01,759.7248315602837
10280.0,2024-11-01,1190.7204924242424
10280.0,2024-12-01,2030.5034348864992
10281.0,2024-02-01,120.46666666666667
10281.0,2024-03-01,88.49444444444445
10281.0,2024-04-01,209.4470524691358
10281.0,2024-05-01,643.8717669753087
10281.0,2024-06-01,534.4888372093022
10281.0,2024-07-01,114.10851053639847
10281.0,2024-08-01,247.8803150406504
10281.0,2024-09-01,18.793796296296296
10281.0,2024-10-01,20.68757326007326
10281.0,2024-11-01,18.488964646464648
10281.0,2024-12-01,263.30752136752136
10282.0,2024-01-01,78.92296296296296
10282.0,2024-02-01,132.95904040404042
10282.0,2024-03-01,170.37116531165313
10282.0,2024-04-01,109.20755015432098
10282.0,2024-05-01,174.05165752923975
10282.0,2024-06-01,166.35886846405228
10282.0,2024-07-01,236.57788416075653
10282.0,2024-08-01,135.40993177387915
10282.0,2024-09-01,78.56380555555555
10282.0,2024-10-01,111.53637125220459
10282.0,2024-11-01,128.3233841940532
10282.0,2024-12-01,228.28456790123457
10301.0,2024-01-01,346.43327269524957
10301.0,2024-02-01,251.26751253561255
10301.0,2024-03-01,313.52588999578325
10301.0,2024-04-01,445.8128894510886
10301.0,2024-05-01,297.661644991047
10301.0,2024-06-01,344.6040686756868
10301.0,2024-07-01,295.02859934697017
10301.0,2024-08-01,303.8751598687295
10301.0,2024-09-01,237.43120743335277
10301.0,2024-10-01,207.95205722309987
10301.0,2024-11-01,175.78863173113388
10301.0,2024-12-01,180.10832251461989
10302.0,2024-01-01,377.1621273574188
10302.0,2024-02-01,286.2206052336972
10302.0,2024-03-01,414.9295472395473
10302.0,2024-04-01,415.8100118351434
10302.0,2024-05-01,329.9992297128589
10302.0,2024-06-01,511.5743372423596
10302.0,2024-07-01,323.90598185320357
10302.0,2024-08-01,340.71962538226296
10302.0,2024-09-01,367.82480909694556
10302.0,2024-10-01,168.9225503183405
10302.0,2024-11-01,277.4693573706156
10302.0,2024-12-01,177.41284057328602
10303.0,2024-01-01,701.8747846683893
10303.0,2024-02-01,365.8418084159675
10303.0,2024-03-01,355.04147327707454
10303.0,2024-04-01,219.45891630901286
10303.0,2024-05-01,278.07596579476865
10303.0,2024-06-01,368.3614952821105
10303.0,2024-07-01,265.77201411960135
10303.0,2024-08-01,292.5899706760503
10303.0,2024-09-01,329.98225990761
10303.0,2024-10-01,222.3707141376451
10303.0,2024-11-01,167.1718910453892
10303.0,2024-12-01,196.96591328197945
10304.0,2024-01-01,281.0362822719449
10304.0,2024-02-01,274.84153906556736
10304.0,2024-03-01,293.7761051789951
10304.0,2024-04-01,355.3496858465609
10304.0,2024-05-01,399.8542316919192
10304.0,2024-06-01,388.3682480405717
10304.0,2024-07-01,302.89012631233595
10304.0,2024-08-01,339.35570486440855
10304.0,2024-09-01,220.94656350795242
10304.0,2024-10-01,197.55487562586555
10304.0,2024-11-01,218.85817125334984
10304.0,2024-12-01,157.21616238317756
10305.0,2024-01-01,273.2297261853293
10305.0,2024-02-01,228.40059892170652
10305.0,2024-03-01,265.47875268384325
10305.0,2024-04-01,307.43821866350333
10305.0,2024-05-01,338.8998430080722
10305.0,2024-06-01,337.1900795273802
10305.0,2024-07-01,286.5571031350393
10305.0,2024-08-01,317.16244622697565
10305.0,2024-09-01,330.9912623828648
10305.0,2024-10-01,222.11207958801498
10305.0,2024-11-01,206.2997822491731
10305.0,2024-12-01,160.18220672389128
10306.0,2024-01-01,421.58457643202206
10306.0,2024-02-01,518.6531645898235
10306.0,2024-03-01,404.78106321839084
10306.0,2024-04-01,566.397373042095
10306.0,2024-05-01,673.9451828502415
10306.0,2024-06-01,566.5960024955
10306.0,2024-07-01,392.7657471765487
10306.0,2024-08-01,394.48092799770507
10306.0,2024-09-01,432.6711077382673
10306.0,2024-10-01,445.8944578659764
10306.0,2024-11-01,302.6201876076658
10306.0,2024-12-01,216.77432853509075
10307.0,2024-01-01,312.6643022328549
10307.0,2024-02-01,445.02855800653595
10307.0,2024-03-01,411.09277041245787
10307.0,2024-04-01,343.74714616402116
10307.0,2024-05-01,538.8334268518519
10307.0,2024-06-01,381.43559718437785
10307.0,2024-07-01,438.5605777777778
10307.0,2024-08-01,275.8080729166667
10307.0,2024-09-01,364.0916268418957
10307.0,2024-10-01,192.40516865079366
10307.0,2024-11-01,202.00045524691356
10307.0,2024-12-01,91.65168257464514
10308.0,2024-01-01,651.4650209339774
10308.0,2024-02-01,403.56011416756564
10308.0,2024-03-01,295.87270539906103
10308.0,2024-04-01,558.2671472158657
10308.0,2024-05-01,636.547387932866
10308.0,2024-06-01,461.5297311396469
10308.0,2024-07-01,482.49479705375336
10308.0,2024-08-01,506.02038367096384
10308.0,2024-09-01,535.0568386796839
10308.0,2024-10-01,379.8188780828884
10308.0,2024-11-01,331.71615631163706
10308.0,2024-12-01,154.86303869832895
10309.0,2024-01-01,267.4085019182529
10309.0,2024-02-01,539.3167280982906
10309.0,2024-03-01,202.2696952709501
10309.0,2024-04-01,319.8894093320849
10309.0,2024-05-01,360.0653028028028
10309.0,2024-06-01,207.85147504117572
10309.0,2024-07-01,227.20820052596977
10309.0,2024-08-01,200.56577836411608
10309.0,2024-09-01,305.7440629470672
10309.0,2024-10-01,142.99198480164864
10309.0,2024-11-01,199.68162463768118
10309.0,2024-12-01,90.30765306122449
10310.0,2024-01-01,200.16606275064873
10310.0,2024-02-01,508.9851307557558
10310.0,2024-03-01,333.0136555786556
10310.0,2024-04-01,557.6248353050337
10310.0,2024-05-01,464.9072281096125
10310.0,2024-06-01,388.6406810314988
10310.0,2024-07-01,329.5336441689624
10310.0,2024-08-01,517.8397762737357
10310.0,2024-09-01,249.3574104136604
10310.0,2024-10-01,180.86408445222804
10310.0,2024-11-01,185.57877095908788
10310.0,2024-12-01,176.1078349846662
10312.0,2024-01-01,444.6997436111111
10312.0,2024-02-01,551.1627224527432
10312.0,2024-03-01,451.58568513417
10312.0,2024-04-01,578.1738562235977
10312.0,2024-05-01,493.0822196106363
10312.0,2024-06-01,441.8380631532133
10312.0,2024-07-01,327.21184020657705
10312.0,2024-08-01,354.0505732303395
10312.0,2024-09-01,318.384550867323
10312.0,2024-10-01,267.46855128205124
10312.0,2024-11-01,206.48665346333536
10312.0,2024-12-01,135.71389065069297
10314.0,2024-01-01,378.50344590019637
10314.0,2024-02-01,535.0927051448335
10314.0,2024-03-01,271.51635001023124
10314.0,2024-04-01,576.6514649561005
10314.0,2024-05-01,497.3057377692198
10314.0,2024-06-01,423.6471008629989
10314.0,2024-07-01,431.65036209222467
10314.0,2024-08-01,397.28657646636657
10314.0,2024-09-01,340.0926405298962
10314.0,2024-10-01,284.4209315638824
10314.0,2024-11-01,344.8361975392512
10314.0,2024-12-01,231.3997965943266
10400.0,2024-12-01,12.039166666666667
10451.0,2024-01-01,327.81727329347285
10451.0,2024-02-01,261.6177250985715
10451.0,2024-03-01,256.53656150471727
10451.0,2024-04-01,559.9920310648383
10451.0,2024-05-01,456.91153758939475
10451.0,2024-06-01,248.91583857159964
10451.0,2024-07-01,305.2922243528284
10451.0,2024-08-01,228.04622816399285
10451.0,2024-09-01,176.3507699309479
10451.0,2024-10-01,285.89030217227156
10451.0,2024-11-01,285.33627708800367
10451.0,2024-12-01,285.91380040533204
10452.0,2024-01-01,293.6121823104189
10452.0,2024-02-01,448.24798275024295
10452.0,2024-03-01,223.27808424946414
10452.0,2024-04-01,259.93259727203565
10452.0,2024-05-01,213.31648726667373
10452.0,2024-06-01,173.69069591416815
10452.0,2024-07-01,158.1336946947972
10452.0,2024-08-01,245.92241816777428
10452.0,2024-09-01,162.7625614459993
10452.0,2024-10-01,155.36310506926026
10452.0,2024-11-01,225.8867051294103
10452.0,2024-12-01,228.24272325004003
10453.0,2024-01-01,291.33029165882425
10453.0,2024-02-01,305.1613986354776
10453.0,2024-03-01,269.86924577809344
10453.0,2024-04-01,255.95716547529472
10453.0,2024-05-01,195.17047504025766
10453.0,2024-06-01,189.42454951655438
10453.0,2024-07-01,207.88434149445942
10453.0,2024-08-01,209.02845717128056
10453.0,2024-09-01,164.98588917773927
10453.0,2024-10-01,171.6921443118999
10453.0,2024-11-01,279.3183498973034
10453.0,2024-12-01,249.34778698167523
10454.0,2024-01-01,332.3078353535353
10454.0,2024-02-01,303.41446278364634
10454.0,2024-03-01,256.2579434656972
10454.0,2024-04-01,1481.4105544248453
10454.0,2024-05-01,231.67981565130106
10454.0,2024-06-01,315.7441204572302
10454.0,2024-07-01,180.41201098284432
10454.0,2024-08-01,182.9898663156176
10454.0,2024-09-01,180.6520749127506
10454.0,2024-10-01,200.4936488340192
10454.0,2024-11-01,221.93294205495818
10454.0,2024-12-01,274.75137263863496
10455.0,2024-01-01,244.08304568875732
10455.0,2024-02-01,315.1377342412741
10455.0,2024-03-01,267.247139911776
10455.0,2024-04-01,668.3235189893282
10455.0,2024-05-01,337.39026154091056
10455.0,2024-06-01,275.369995981515
10455.0,2024-07-01,192.43320678088267
10455.0,2024-08-01,182.66807063492064
10455.0,2024-09-01,175.78962024027692
10455.0,2024-10-01,199.59726602886875
10455.0,2024-11-01,263.5011431037985
10455.0,2024-12-01,253.71076249636732
10456.0,2024-01-01,273.37320019112553
10456.0,2024-02-01,238.1950376897484
10456.0,2024-03-01,202.15813424397996
10456.0,2024-04-01,205.72044096914857
10456.0,2024-05-01,164.78653966216646
10456.0,2024-06-01,170.7541330451489
10456.0,2024-07-01,191.54590130250548
10456.0,2024-08-01,201.44511496247807
10456.0,2024-09-01,152.48552840238742
10456.0,2024-10-01,188.4286272705509
10456.0,2024-11-01,213.78290068766765
10456.0,2024-12-01,212.56870166272077
10457.0,2024-01-01,244.8437363257816
10457.0,2024-02-01,223.58721684191107
10457.0,2024-03-01,213.88193404307393
10457.0,2024-04-01,228.91527466116864
10457.0,2024-05-01,185.20034781263234
10457.0,2024-06-01,163.3443782485645
10457.0,2024-07-01,199.99507917842584
10457.0,2024-08-01,180.37480448004746
10457.0,2024-09-01,165.00265216005104
10457.0,2024-10-01,169.06748740272994
10457.0,2024-11-01,194.56365206859184
10457.0,2024-12-01,255.6172512259299
10458.0,2024-01-01,313.09227338129494
10458.0,2024-02-01,228.14040803977366
10458.0,2024-03-01,213.35482274377136
10458.0,2024-04-01,246.7127676043878
10458.0,2024-05-01,235.02313012916576
10458.0,2024-06-01,203.42113437796772
10458.0,2024-07-01,189.31383840898405
10458.0,2024-08-01,215.72333442180425
10458.0,2024-09-01,170.02412450255827
10458.0,2024-10-01,178.57975379139583
10458.0,2024-11-01,260.9311048375854
10458.0,2024-12-01,243.63671108923404
10459.0,2024-01-01,291.3943423540836
10459.0,2024-02-01,313.2843627064009
10459.0,2024-03-01,302.66499537294095
10459.0,2024-04-01,335.74015962872295
10459.0,2024-05-01,267.1750341157205
10459.0,2024-06-01,244.54213500976562
10459.0,2024-07-01,203.14410932143576
10459.0,2024-08-01,256.7155111379496
10459.0,2024-09-01,179.34038447121821
10459.0,2024-10-01,222.69694558965745
10459.0,2024-11-01,286.02348708533174
10459.0,2024-12-01,285.07872213615633
10460.0,2024-01-01,297.8928662914015
10460.0,2024-02-01,278.9053052728955
10460.0,2024-03-01,254.7693213316188
10460.0,2024-04-01,240.5231995837188
10460.0,2024-05-01,214.82480348699764
10460.0,2024-06-01,189.27918764367817
10460.0,2024-07-01,216.79228128027424
10460.0,2024-08-01,184.90775948869222
10460.0,2024-09-01,159.0816750105619
10460.0,2024-10-01,190.24646343512916
10460.0,2024-11-01,240.87702256262548
10460.0,2024-12-01,266.0297915434071
10461.0,2024-01-01,167.07657138242894
10461.0,2024-02-01,110.22094820152748
10461.0,2024-03-01,230.38788197575394
10461.0,2024-04-01,218.38804581447965
10461.0,2024-05-01,259.4990972222222
10461.0,2024-06-01,277.94229853308366
10461.0,2024-07-01,288.559469983775
10461.0,2024-08-01,487.21649783765804
10461.0,2024-09-01,214.43117198548853
10461.0,2024-10-01,167.15175164031407
10461.0,2024-11-01,189.62363493278883
10461.0,2024-12-01,206.05844268215174
10462.0,2024-01-01,208.6023832353851
10462.0,2024-02-01,215.68157983991318
10462.0,2024-03-01,175.130254266139
10462.0,2024-04-01,199.51670080947858
10462.0,2024-05-01,227.05013071895425
10462.0,2024-06-01,217.13867434411947
10462.0,2024-07-01,291.50634510284874
10462.0,2024-08-01,246.6900876140747
10462.0,2024-09-01,236.03806295757965
10462.0,2024-10-01,167.585973905044
10462.0,2024-11-01,204.32320602636537
10462.0,2024-12-01,225.70031979830148
10463.0,2024-01-01,204.1045875093346
10463.0,2024-02-01,158.93560628531074
10463.0,2024-03-01,205.65570948980508
10463.0,2024-04-01,176.4291554334075
10463.0,2024-05-01,225.46707981254858
10463.0,2024-06-01,247.1778607582174
10463.0,2024-07-01,250.69904964276915
10463.0,2024-08-01,196.99385076252725
10463.0,2024-09-01,152.94049304196565
10463.0,2024-10-01,156.008255172013
10463.0,2024-11-01,148.85350098791258
10463.0,2024-12-01,183.83400662385395
10464.0,2024-01-01,120.56709497206705
10464.0,2024-02-01,200.19950854700855
10464.0,2024-03-01,282.1343762781186
10464.0,2024-04-01,1213.5097546476438
10464.0,2024-05-01,237.99735607890497
10464.0,2024-06-01,190.14463748894784
10464.0,2024-07-01,260.15440746753245
10464.0,2024-08-01,315.00120665878643
10464.0,2024-09-01,240.25086040489643
10464.0,2024-10-01,407.55496331236895
10464.0,2024-11-01,313.9534782608696
10464.0,2024-12-01,277.5700367917587
10465.0,2024-01-01,135.90290756797262
10465.0,2024-02-01,223.21054298245613
10465.0,2024-03-01,144.58558123063304
10465.0,2024-04-01,242.62150356359652
10465.0,2024-05-01,251.78332972289917
10465.0,2024-06-01,198.99126555481922
10465.0,2024-07-01,214.37284307428817
10465.0,2024-08-01,230.60082348180987
10465.0,2024-09-01,211.88138771765443
10465.0,2024-10-01,176.1238829270447
10465.0,2024-11-01,183.12979716661832
10465.0,2024-12-01,162.61448260381593
10466.0,2024-01-01,173.47069804362403
10466.0,2024-02-01,168.1459528923253
10466.0,2024-03-01,158.72701415249074
10466.0,2024-04-01,218.31258072952198
10466.0,2024-05-01,200.57512042742567
10466.0,2024-06-01,120.5904783186652
10466.0,2024-07-01,132.65832674521727
10466.0,2024-08-01,123.48265155724908
10466.0,2024-09-01,22.431411653549088
10466.0,2024-10-01,36.87758381361064
10466.0,2024-11-01,38.30314307458143
10466.0,2024-12-01,36.286633340005814
10467.0,2024-01-01,219.70550604645595
10467.0,2024-02-01,178.71538195316643
10467.0,2024-03-01,184.9652678133033
10467.0,2024-04-01,237.65744537920642
10467.0,2024-05-01,204.6014676978671
10467.0,2024-06-01,190.26554956664515
10467.0,2024-07-01,225.88399409312024
10467.0,2024-08-01,247.61307017543857
10467.0,2024-09-01,164.32234159720431
10467.0,2024-10-01,181.89978940715457
10467.0,2024-11-01,234.47916938030392
10467.0,2024-12-01,235.13361199991633
10468.0,2024-01-01,251.06944122526804
10468.0,2024-02-01,197.99330235272987
10468.0,2024-03-01,196.42721102773146
10468.0,2024-04-01,178.2572579690346
10468.0,2024-05-01,175.68196601646764
10468.0,2024-06-01,146.7697468297796
10468.0,2024-07-01,149.09212118618927
10468.0,2024-08-01,175.3286030155839
10468.0,2024-09-01,155.58878104398084
10468.0,2024-10-01,137.9287891336869
10468.0,2024-11-01,209.03330849323217
10468.0,2024-12-01,215.25511683820946
10469.0,2024-01-01,217.67678198653198
10469.0,2024-02-01,217.93546270980482
10469.0,2024-03-01,204.6220358270202
10469.0,2024-04-01,220.6705458817026
10469.0,2024-05-01,265.59147329403356
10469.0,2024-06-01,250.01195710784316
10469.0,2024-07-01,198.36629577182745
10469.0,2024-08-01,269.84860221236517
10469.0,2024-09-01,247.98190005380684
10469.0,2024-10-01,172.8801554352186
10469.0,2024-11-01,184.67648756309677
10469.0,2024-12-01,223.60877598926893
10470.0,2024-01-01,143.38038589832067
10470.0,2024-02-01,104.84521700271699
10470.0,2024-03-01,96.68147033158813
10470.0,2024-04-01,174.4904689829148
10470.0,2024-05-01,115.79627849420348
10470.0,2024-06-01,148.8560639129389
10470.0,2024-07-01,224.94558624031006
10470.0,2024-08-01,204.79194245082402
10470.0,2024-09-01,167.0742398193096
10470.0,2024-10-01,165.49021485345256
10470.0,2024-11-01,170.65340551900584
10470.0,2024-12-01,179.61717431144623
10471.0,2024-01-01,199.6472055009555
10471.0,2024-02-01,189.9751708801498
10471.0,2024-03-01,184.3200565770863
10471.0,2024-04-01,263.3460163817664
10471.0,2024-05-01,279.9401027862725
10471.0,2024-06-01,166.16577145382837
10471.0,2024-07-01,180.50783785892634
10471.0,2024-08-01,203.5431966436595
10471.0,2024-09-01,193.96065297525013
10471.0,2024-10-01,226.53845975975975
10471.0,2024-11-01,370.39311153092643
10471.0,2024-12-01,275.4110554039715
10472.0,2024-01-01,234.3694729651999
10472.0,2024-02-01,213.7780832245228
10472.0,2024-03-01,244.51966703552378
10472.0,2024-04-01,217.3468834331921
10472.0,2024-05-01,232.62245039682543
10472.0,2024-06-01,192.7839671717172
10472.0,2024-07-01,170.93601542282326
10472.0,2024-08-01,196.6500868457619
10472.0,2024-09-01,182.3426981975197
10472.0,2024-10-01,182.1432300662061
10472.0,2024-11-01,217.73441779605093
10472.0,2024-12-01,216.04506034747848
10473.0,2024-01-01,292.3475532724505
10473.0,2024-02-01,208.32371649103348
10473.0,2024-03-01,179.15437916666667
10473.0,2024-04-01,212.3699817423057
10473.0,2024-05-01,204.22127866266544
10473.0,2024-06-01,212.207997330664
10473.0,2024-07-01,165.72199602211435
10473.0,2024-08-01,173.54930120291232
10473.0,2024-09-01,134.66220828924162
10473.0,2024-10-01,156.48252525252525
10473.0,2024-11-01,205.4278990228013
10473.0,2024-12-01,201.35341098067985
10474.0,2024-01-01,290.0001561684924
10474.0,2024-02-01,319.6685512185048
10474.0,2024-03-01,272.44631730596075
10474.0,2024-04-01,880.9240324498811
10474.0,2024-05-01,240.3442523364486
10474.0,2024-06-01,146.42465926975134
10474.0,2024-07-01,269.89059848818437
10474.0,2024-08-01,240.64920261941447
10474.0,2024-09-01,146.7596319663512
10474.0,2024-10-01,217.10245062682463
10474.0,2024-11-01,225.5952034050179
10474.0,2024-12-01,316.0234467846968
10475.0,2024-01-01,224.44385802469137
10475.0,2024-02-01,214.7427075226978
10475.0,2024-03-01,169.90600993377484
10475.0,2024-04-01,290.5403912245579
10475.0,2024-05-01,228.2689766558089
10475.0,2024-06-01,272.07527035938017
10475.0,2024-07-01,244.20047686306162
10475.0,2024-08-01,232.4688896894012
10475.0,2024-09-01,170.44213920099875
10475.0,2024-10-01,109.80442330917876
10475.0,2024-11-01,235.02079654157467
10475.0,2024-12-01,249.71494293387042
10502.0,2024-10-01,1025.606388888889
10522.0,2024-01-01,12.154444444444444
10523.0,2024-10-01,732.0508333333333
10550.0,2024-06-01,774.5558333333333
10573.0,2024-03-01,1080.7391666666667
10573.0,2024-11-01,1616.3083333333334
10577.0,2024-07-01,21.779166666666665
10580.0,2024-11-01,69.04138888888889
10583.0,2024-12-01,733.1555555555556
10601.0,2024-04-01,851.3113888888889
10701.0,2024-04-01,733.2788888888889
10704.0,2024-10-01,724.3705555555556
10705.0,2024-04-01,815.4044444444445
10710.0,2024-11-01,756.5555555555555
10803.0,2024-04-01,381.5733333333333
10803.0,2024-09-01,166.08277777777778
10804.0,2024-02-01,23.011666666666667
10956.0,2024-03-01,713.5247222222222
10956.0,2024-07-01,10.392777777777777
11001.0,2024-01-01,427.0842777777778
11001.0,2024-02-01,469.09293771043775
11001.0,2024-03-01,301.4693118686869
11001.0,2024-04-01,702.5189467592593
11001.0,2024-05-01,623.460003805175
11001.0,2024-06-01,571.314975031211
11001.0,2024-07-01,786.5220508826584
11001.0,2024-08-01,690.0852041499331
11001.0,2024-09-01,485.1975683760684
11001.0,2024-10-01,244.40004303599372
11001.0,2024-11-01,518.7368123306234
11001.0,2024-12-01,194.33868760064414
11003.0,2024-05-01,16.604444444444443
11004.0,2024-01-01,422.74293771043773
11004.0,2024-02-01,414.3615243902439
11004.0,2024-03-01,627.3302973090279
11004.0,2024-04-01,562.6365320910973
11004.0,2024-05-01,1001.3047654612159
11004.0,2024-06-01,889.0644639577595
11004.0,2024-07-01,879.0575483630953
11004.0,2024-08-01,612.9289192708334
11004.0,2024-09-01,568.0117806603773
11004.0,2024-10-01,433.692007751938
11004.0,2024-11-01,330.5194914874552
11004.0,2024-12-01,295.85041910331387
11005.0,2024-01-01,2142.313888888889
11005.0,2024-02-01,123.56144444444445
11005.0,2024-03-01,229.85277777777776
11005.0,2024-04-01,17.450972222222223
11005.0,2024-05-01,293.890625
11005.0,2024-06-01,98.70258333333334
11005.0,2024-07-01,370.7993333333333
11005.0,2024-08-01,1.41
11005.0,2024-09-01,19.653935185185187
11005.0,2024-10-01,1.3756349206349208
11005.0,2024-12-01,287.87944444444446
11010.0,2024-07-01,786.1691666666667
11010.0,2024-08-01,738.2869444444444
11010.0,2024-10-01,124.76916666666666
11021.0,2024-04-01,1.5872222222222223
11021.0,2024-08-01,72.09
11021.0,2024-10-01,1.0155555555555555
11040.0,2024-01-01,397.1712878787879
11040.0,2024-02-01,158.01119369369368
11040.0,2024-03-01,96.10572916666666
11040.0,2024-04-01,244.75589869281043
11040.0,2024-05-01,847.7007558139535
11040.0,2024-06-01,760.34772417154
11040.0,2024-07-01,923.3794149831649
11040.0,2024-08-01,338.77600308641973
11040.0,2024-09-01,400.915955165692
11040.0,2024-10-01,304.3605873015873
11040.0,2024-11-01,56.649729938271605
11040.0,2024-12-01,52.290762108262115
11042.0,2024-11-01,24.983888888888888
11096.0,2024-03-01,737.0733333333334
11101.0,2024-01-01,218.83586999725875
11101.0,2024-02-01,160.74005538132218
11101.0,2024-03-01,205.47613179074446
11101.0,2024-04-01,238.61029258678514
11101.0,2024-05-01,294.9803291404612
11101.0,2024-06-01,298.1984889181067
11101.0,2024-07-01,293.3581617186521
11101.0,2024-08-01,255.54365408402643
11101.0,2024-09-01,198.79006741282504
11101.0,2024-10-01,208.21210928402198
11101.0,2024-11-01,160.5769820773356
11101.0,2024-12-01,168.6022690094254
11102.0,2024-01-01,266.30630739109154
11102.0,2024-02-01,269.66570895978487
11102.0,2024-03-01,557.4342613689639
11102.0,2024-04-01,326.8377253917943
11102.0,2024-05-01,436.25971898989894
11102.0,2024-06-01,386.00298781005773
11102.0,2024-07-01,476.2235515267176
11102.0,2024-08-01,390.7815221017514
11102.0,2024-09-01,393.677887295082
11102.0,2024-10-01,366.89641390411555
11102.0,2024-11-01,333.81888151833425
11102.0,2024-12-01,285.5477138013998
11103.0,2024-01-01,305.6813361545139
11103.0,2024-02-01,330.2336864829789
11103.0,2024-03-01,449.6605324074074
11103.0,2024-04-01,237.92710108139343
11103.0,2024-05-01,605.2673995444932
11103.0,2024-06-01,634.1170718492343
11103.0,2024-07-01,373.9216917176554
11103.0,2024-08-01,291.66871282051284
11103.0,2024-09-01,190.23768712040015
11103.0,2024-10-01,220.8893120708199
11103.0,2024-11-01,215.30190555940558
11103.0,2024-12-01,136.36527777777778
11104.0,2024-01-01,259.1133981852594
11104.0,2024-02-01,288.5186180459239
11104.0,2024-03-01,403.19577191714836
11104.0,2024-04-01,338.505890143594
11104.0,2024-05-01,420.1806682059894
11104.0,2024-06-01,422.76916044287213
11104.0,2024-07-01,647.1736166371943
11104.0,2024-08-01,404.6134611836036
11104.0,2024-09-01,282.9664639450056
11104.0,2024-10-01,251.12429991462375
11104.0,2024-11-01,258.4145335675254
11104.0,2024-12-01,456.45863558352397
11105.0,2024-01-01,251.83718019160327
11105.0,2024-02-01,188.19003852846134
11105.0,2024-03-01,470.4945932290212
11105.0,2024-04-01,350.94116739628936
11105.0,2024-05-01,448.2051056864946
11105.0,2024-06-01,443.5008210441563
11105.0,2024-07-01,540.7970160726765
11105.0,2024-08-01,502.1866326860842
11105.0,2024-09-01,300.8840830875123
11105.0,2024-10-01,275.926853198911
11105.0,2024-11-01,303.7170639477817
11105.0,2024-12-01,159.04287913558997
11106.0,2024-01-01,207.50022595990487
11106.0,2024-02-01,190.6639741952956
11106.0,2024-03-01,183.06652476961906
11106.0,2024-04-01,261.002755527743
11106.0,2024-05-01,288.04637772524296
11106.0,2024-06-01,423.1953634751773
11106.0,2024-07-01,329.8773072054968
11106.0,2024-08-01,290.7652407872697
11106.0,2024-09-01,380.60653105392737
11106.0,2024-10-01,288.3116200571343
11106.0,2024-11-01,288.2129704359872
11106.0,2024-12-01,163.69957312744054
11109.0,2024-01-01,25.378796296296294
11109.0,2024-02-01,83.81089743589743
11109.0,2024-03-01,6.999744897959184
11109.0,2024-04-01,342.32874999999996
11109.0,2024-05-01,175.5582814814815
11109.0,2024-06-01,81.98396039603959
11109.0,2024-07-01,93.08249238964993
11109.0,2024-08-01,196.08699915824914
11109.0,2024-09-01,38.05
11109.0,2024-10-01,77.3585170250896
11109.0,2024-11-01,290.900946969697
11109.0,2024-12-01,212.18494579945798
11201.0,2024-01-01,239.91755472414565
11201.0,2024-02-01,242.04888038161212
11201.0,2024-03-01,341.89069705268645
11201.0,2024-04-01,570.3077341052203
11201.0,2024-05-01,510.33656915576086
11201.0,2024-06-01,544.1939917890415
11201.0,2024-07-01,571.9969310391638
11201.0,2024-08-01,310.58870316041106
11201.0,2024-09-01,275.0761431341873
11201.0,2024-10-01,206.4403512482774
11201.0,2024-11-01,202.61987449589765
11201.0,2024-12-01,151.18116616428034
11203.0,2024-01-01,354.90600857251115
11203.0,2024-02-01,274.1584089571563
11203.0,2024-03-01,432.45185600206077
11203.0,2024-04-01,331.4608225019195
11203.0,2024-05-01,486.6084290901324
11203.0,2024-06-01,407.7319371345029
11203.0,2024-07-01,372.3985986496284
11203.0,2024-08-01,327.05124940645777
11203.0,2024-09-01,238.18433308761112
11203.0,2024-10-01,204.39320443893024
11203.0,2024-11-01,228.36518867027849
11203.0,2024-12-01,206.62498950111313
11204.0,2024-01-01,221.73330592105262
11204.0,2024-02-01,547.0609048215404
11204.0,2024-03-01,243.08632929529762
11204.0,2024-04-01,442.20661390543427
11204.0,2024-05-01,412.1204745119306
11204.0,2024-06-01,512.51839274428
11204.0,2024-07-01,573.7861463515754
11204.0,2024-08-01,360.525194982613
11204.0,2024-09-01,314.79083962858044
11204.0,2024-10-01,220.12593591987556
11204.0,2024-11-01,215.11250341530055
11204.0,2024-12-01,191.88532371076232
11205.0,2024-01-01,200.00195568700704
11205.0,2024-02-01,223.85987179487182
11205.0,2024-03-01,240.42983413682276
11205.0,2024-04-01,295.9599852571018
11205.0,2024-05-01,260.788507701103
11205.0,2024-06-01,239.23048594280175
11205.0,2024-07-01,360.19914208754204
11205.0,2024-08-01,227.25271477455718
11205.0,2024-09-01,155.49307858699038
11205.0,2024-10-01,181.13996706256492
11205.0,2024-11-01,155.64304962095107
11205.0,2024-12-01,138.65814123159305
11206.0,2024-01-01,491.83738519885196
11206.0,2024-02-01,304.40365573525
11206.0,2024-03-01,321.92637636310053
11206.0,2024-04-01,358.78208326508326
11206.0,2024-05-01,440.74963561059843
11206.0,2024-06-01,378.21568404206675
11206.0,2024-07-01,313.22726910098817
11206.0,2024-08-01,297.4513295602394
11206.0,2024-09-01,244.45606838460515
11206.0,2024-10-01,274.51563970071965
11206.0,2024-11-01,249.00631217294114
11206.0,2024-12-01,253.0651301365932
11207.0,2024-01-01,309.79291146496814
11207.0,2024-02-01,329.5263876620455
11207.0,2024-03-01,299.9469929440622
11207.0,2024-04-01,357.44850256465827
11207.0,2024-05-01,357.28175179337785
11207.0,2024-06-01,334.30269698924735
11207.0,2024-07-01,328.9963460740741
11207.0,2024-08-01,261.61330461063113
11207.0,2024-09-01,205.16545517934748
11207.0,2024-10-01,207.00687081563024
11207.0,2024-11-01,285.536500690461
11207.0,2024-12-01,249.37784596200785
11208.0,2024-01-01,293.3834394865948
11208.0,2024-02-01,254.84325014733213
11208.0,2024-03-01,250.30169494169493
11208.0,2024-04-01,291.7463274449565
11208.0,2024-05-01,250.10879022862966
11208.0,2024-06-01,367.18375044921424
11208.0,2024-07-01,258.9526311621613
11208.0,2024-08-01,234.82491556120047
11208.0,2024-09-01,187.80236392671037
11208.0,2024-10-01,221.36264337201126
11208.0,2024-11-01,199.47103257084203
11208.0,2024-12-01,158.6113001515514
11209.0,2024-01-01,323.3936666237169
11209.0,2024-02-01,295.3555581918082
11209.0,2024-03-01,262.79577498967365
11209.0,2024-04-01,316.34823651614926
11209.0,2024-05-01,427.0550265196369
11209.0,2024-06-01,448.71685362274843
11209.0,2024-07-01,362.9181487025948
11209.0,2024-08-01,393.4851772224724
11209.0,2024-09-01,272.4034452096086
11209.0,2024-10-01,184.98224864605172
11209.0,2024-11-01,213.88826312947214
11209.0,2024-12-01,181.72566961315465
11210.0,2024-01-01,398.8276675779668
11210.0,2024-02-01,313.4973178234601
11210.0,2024-03-01,300.62591711820187
11210.0,2024-04-01,303.7208880988293
11210.0,2024-05-01,459.2267346335698
11210.0,2024-06-01,634.8751577260459
11210.0,2024-07-01,420.1197864111945
11210.0,2024-08-01,367.797124825795
11210.0,2024-09-01,275.16975623277
11210.0,2024-10-01,242.01781941065153
11210.0,2024-11-01,244.48529341282367
11210.0,2024-12-01,252.97448485621914
11211.0,2024-01-01,508.10437404474084
11211.0,2024-02-01,446.79289747661903
11211.0,2024-03-01,492.7976035146847
11211.0,2024-04-01,566.1501900979217
11211.0,2024-05-01,483.9207320210987
11211.0,2024-06-01,516.628188884953
11211.0,2024-07-01,402.9867629560531
11211.0,2024-08-01,371.32082781456955
11211.0,2024-09-01,334.5731098480564
11211.0,2024-10-01,272.2846203030303
11211.0,2024-11-01,318.3954954386431
11211.0,2024-12-01,278.1774318922497
11212.0,2024-01-01,337.80236273194726
11212.0,2024-02-01,304.5709802299937
11212.0,2024-03-01,298.0665788611741
11212.0,2024-04-01,660.1471846846847
11212.0,2024-05-01,432.9374886748307
11212.0,2024-06-01,649.1605239356625
11212.0,2024-07-01,368.3682893962042
11212.0,2024-08-01,249.8836464899867
11212.0,2024-09-01,177.83278541428027
11212.0,2024-10-01,262.52928063998024
11212.0,2024-11-01,261.24458133173204
11212.0,2024-12-01,247.7880489726323
11213.0,2024-01-01,289.5104662631063
11213.0,2024-02-01,288.4171074196251
11213.0,2024-03-01,227.3142702065784
11213.0,2024-04-01,271.7579779977998
11213.0,2024-05-01,358.4506485307621
11213.0,2024-06-01,329.89328745736657
11213.0,2024-07-01,316.09961833403685
11213.0,2024-08-01,280.03526790623283
11213.0,2024-09-01,244.112594282679
11213.0,2024-10-01,184.62268591946426
11213.0,2024-11-01,235.5689827352742
11213.0,2024-12-01,235.3876628831268
11214.0,2024-01-01,237.46629192132895
11214.0,2024-02-01,226.67754574762745
11214.0,2024-03-01,233.72489802510154
11214.0,2024-04-01,274.66586925627666
11214.0,2024-05-01,682.0553769008303
11214.0,2024-06-01,366.6790806638461
11214.0,2024-07-01,319.3813122689239
11214.0,2024-08-01,282.7145720827412
11214.0,2024-09-01,184.7406230324074
11214.0,2024-10-01,191.4970423517688
11214.0,2024-11-01,155.46582333618966
11214.0,2024-12-01,175.65945682484735
11215.0,2024-01-01,337.7523135977896
11215.0,2024-02-01,282.76753495581056
11215.0,2024-03-01,366.0098859038879
11215.0,2024-04-01,470.4369638540214
11215.0,2024-05-01,460.21951391465683
11215.0,2024-06-01,661.7438246282597
11215.0,2024-07-01,848.0783964310363
11215.0,2024-08-01,417.7119011656746
11215.0,2024-09-01,338.6051527334751
11215.0,2024-10-01,293.0286181139122
11215.0,2024-11-01,475.8393043234767
11215.0,2024-12-01,209.41999986363388
11216.0,2024-01-01,374.808362873508
11216.0,2024-02-01,373.58953864968015
11216.0,2024-03-01,404.22940261844064
11216.0,2024-04-01,488.0097289141415
11216.0,2024-05-01,570.6616103078358
11216.0,2024-06-01,508.32699399567855
11216.0,2024-07-01,399.10395737474437
11216.0,2024-08-01,266.3594476619476
11216.0,2024-09-01,232.61552793370757
11216.0,2024-10-01,399.8256030880448
11216.0,2024-11-01,278.9798796049006
11216.0,2024-12-01,285.80893234767024
11217.0,2024-01-01,341.8916996181326
11217.0,2024-02-01,242.0784806102988
11217.0,2024-03-01,354.84699117341637
11217.0,2024-04-01,279.61157312157854
11217.0,2024-05-01,388.9055503685504
11217.0,2024-06-01,423.0699301649794
11217.0,2024-07-01,450.9523182127081
11217.0,2024-08-01,329.25422651309844
11217.0,2024-09-01,256.7478292324358
11217.0,2024-10-01,207.29420659311793
11217.0,2024-11-01,190.8382532932417
11217.0,2024-12-01,147.92598736501674
11218.0,2024-01-01,260.7380822129501
11218.0,2024-02-01,218.72929288816502
11218.0,2024-03-01,514.2649873285629
11218.0,2024-04-01,822.2801063507787
11218.0,2024-05-01,449.08614706983207
11218.0,2024-06-01,505.8521570082266
11218.0,2024-07-01,395.36462045926675
11218.0,2024-08-01,380.7476761023916
11218.0,2024-09-01,266.8393924017695
11218.0,2024-10-01,233.61919190836784
11218.0,2024-11-01,422.1914215331984
11218.0,2024-12-01,144.22790557810853
11219.0,2024-01-01,301.97442701989445
11219.0,2024-02-01,227.36653503809308
11219.0,2024-03-01,272.73175788530466
11219.0,2024-04-01,320.06106117141564
11219.0,2024-05-01,419.86734659215426
11219.0,2024-06-01,397.762322741029
11219.0,2024-07-01,418.51621241326137
11219.0,2024-08-01,332.32902436047647
11219.0,2024-09-01,238.29798675560713
11219.0,2024-10-01,196.2472158344284
11219.0,2024-11-01,213.4040749252207
11219.0,2024-12-01,213.39830151242887
11220.0,2024-01-01,286.91479031722304
11220.0,2024-02-01,279.95443292061964
11220.0,2024-03-01,346.040650526523
11220.0,2024-04-01,376.2198357697789
11220.0,2024-05-01,348.8395464011454
11220.0,2024-06-01,545.11716112325
11220.0,2024-07-01,403.08452797001155
11220.0,2024-08-01,347.6651550873673
11220.0,2024-09-01,278.02005669546435
11220.0,2024-10-01,195.5622317343842
11220.0,2024-11-01,253.19994203204044
11220.0,2024-12-01,208.56917184667185
11221.0,2024-01-01,462.2534567284567
11221.0,2024-02-01,363.2177129302736
11221.0,2024-03-01,385.02038828523587
11221.0,2024-04-01,413.9671954842543
11221.0,2024-05-01,500.1497469934196
11221.0,2024-06-01,402.2792043016426
11221.0,2024-07-01,310.95887274835025
11221.0,2024-08-01,286.6518102898377
11221.0,2024-09-01,216.08801862403712
11221.0,2024-10-01,186.26158745485108
11221.0,2024-11-01,270.51064702484115
11221.0,2024-12-01,307.27610903324586
11222.0,2024-01-01,437.1772686583865
11222.0,2024-02-01,276.8277247516304
11222.0,2024-03-01,346.8643224048118
11222.0,2024-04-01,367.2811423001949
11222.0,2024-05-01,384.07982264877626
11222.0,2024-06-01,438.01925151178574
11222.0,2024-07-01,407.805078985105
11222.0,2024-08-01,291.9387304381846
11222.0,2024-09-01,199.7587446495452
11222.0,2024-10-01,215.98087408028314
11222.0,2024-11-01,220.49089321357286
11222.0,2024-12-01,206.59050066687186
11223.0,2024-01-01,206.76944190600523
11223.0,2024-02-01,388.98515486725665
11223.0,2024-03-01,308.4234418633235
11223.0,2024-04-01,363.42636804608156
11223.0,2024-05-01,259.21436913465027
11223.0,2024-06-01,393.12868599377737
11223.0,2024-07-01,313.6457941358025
11223.0,2024-08-01,353.53676451847804
11223.0,2024-09-01,253.03725064373512
11223.0,2024-10-01,202.48765576796643
11223.0,2024-11-01,177.16387321453826
11223.0,2024-12-01,158.44688666462136
11224.0,2024-01-01,221.35715527686904
11224.0,2024-02-01,275.0731532086
11224.0,2024-03-01,220.4302071428571
11224.0,2024-04-01,222.92679673721338
11224.0,2024-05-01,295.09024481631735
11224.0,2024-06-01,283.8608406007752
11224.0,2024-07-01,245.3970580698192
11224.0,2024-08-01,193.9542687021299
11224.0,2024-09-01,135.41229159865057
11224.0,2024-10-01,154.81462930784826
11224.0,2024-11-01,155.77867679398148
11224.0,2024-12-01,182.26471505979072
11225.0,2024-01-01,277.2494230845299
11225.0,2024-02-01,261.1425524256651
11225.0,2024-03-01,255.34999240817004
11225.0,2024-04-01,321.2249821013482
11225.0,2024-05-01,357.52553016213636
11225.0,2024-06-01,313.7992474916388
11225.0,2024-07-01,363.26891050811014
11225.0,2024-08-01,283.5982455758631
11225.0,2024-09-01,203.21389142315658
11225.0,2024-10-01,188.7886299680882
11225.0,2024-11-01,193.76163899104722
11225.0,2024-12-01,207.19999657885734
11226.0,2024-01-01,303.9910272742374
11226.0,2024-02-01,279.4667657159075
11226.0,2024-03-01,256.67093991553116
11226.0,2024-04-01,343.3352430651341
11226.0,2024-05-01,288.7030192546584
11226.0,2024-06-01,342.9802485136742
11226.0,2024-07-01,322.3016864539222
11226.0,2024-08-01,240.0899698742795
11226.0,2024-09-01,196.56267095438753
11226.0,2024-10-01,185.18979259731972
11226.0,2024-11-01,204.89047878102775
11226.0,2024-12-01,243.85156537719934
11228.0,2024-01-01,304.32105201583875
11228.0,2024-02-01,233.81735879886546
11228.0,2024-03-01,231.73776072412437
11228.0,2024-04-01,427.9862956140351
11228.0,2024-05-01,459.04596552257266
11228.0,2024-06-01,627.2704173938336
11228.0,2024-07-01,429.9069428464898
11228.0,2024-08-01,401.3524794759334
11228.0,2024-09-01,320.5906332371332
11228.0,2024-10-01,453.2527536740616
11228.0,2024-11-01,210.23107739533012
11228.0,2024-12-01,190.27070749354004
11229.0,2024-01-01,500.5628031410597
11229.0,2024-02-01,273.95498401534525
11229.0,2024-03-01,399.9582599680013
11229.0,2024-04-01,898.2115553648887
11229.0,2024-05-01,566.2016844744365
11229.0,2024-06-01,463.12055530280054
11229.0,2024-07-01,683.4366936728395
11229.0,2024-08-01,383.6305651773762
11229.0,2024-09-01,556.2251043435201
11229.0,2024-10-01,231.48193184398127
11229.0,2024-11-01,209.5674006952393
11229.0,2024-12-01,139.50063118749685
11230.0,2024-01-01,199.51754457566287
11230.0,2024-02-01,235.69831483073102
11230.0,2024-03-01,292.5327242860753
11230.0,2024-04-01,425.8830291431641
11230.0,2024-05-01,434.74721772292924
11230.0,2024-06-01,568.3139636836129
11230.0,2024-07-01,461.27490855367057
11230.0,2024-08-01,351.62416894146196
11230.0,2024-09-01,254.980763840428
11230.0,2024-10-01,186.04855043463292
11230.0,2024-11-01,200.9675580635643
11230.0,2024-12-01,195.73376552348054
11231.0,2024-01-01,241.12487016908216
11231.0,2024-02-01,271.18220770326536
11231.0,2024-03-01,291.65272340695606
11231.0,2024-04-01,321.69108583990794
11231.0,2024-05-01,379.3129018190457
11231.0,2024-06-01,243.4420129427793
11231.0,2024-07-01,318.97614890998597
11231.0,2024-08-01,360.76264640474426
11231.0,2024-09-01,334.88806712962963
11231.0,2024-10-01,264.9333617906898
11231.0,2024-11-01,168.20444768278642
11231.0,2024-12-01,121.39533206659429
11232.0,2024-01-01,276.3915956250639
11232.0,2024-02-01,226.38358404085147
11232.0,2024-03-01,160.24242403100774
11232.0,2024-04-01,234.2160662644053
11232.0,2024-05-01,277.69834423967234
11232.0,2024-06-01,335.03365961889847
11232.0,2024-07-01,281.55275180824873
11232.0,2024-08-01,214.10350375192115
11232.0,2024-09-01,110.99409929078014
11232.0,2024-10-01,160.67016275182544
11232.0,2024-11-01,185.395644593254
11232.0,2024-12-01,174.01813447266647
11233.0,2024-01-01,341.9329686340015
11233.0,2024-02-01,302.92156318365
11233.0,2024-03-01,386.875613324695
11233.0,2024-04-01,384.33247195369376
11233.0,2024-05-01,501.0422162063194
11233.0,2024-06-01,410.2357491070567
11233.0,2024-07-01,342.7477352595725
11233.0,2024-08-01,258.4791298614108
11233.0,2024-09-01,224.33218969082563
11233.0,2024-10-01,223.27454302362707
11233.0,2024-11-01,265.78814419353074
11233.0,2024-12-01,266.806567867267
11234.0,2024-01-01,290.85782560178546
11234.0,2024-02-01,198.12439269569356
11234.0,2024-03-01,341.2275701145533
11234.0,2024-04-01,374.03804880735964
11234.0,2024-05-01,556.7195223562641
11234.0,2024-06-01,699.5929040130152
11234.0,2024-07-01,415.91370553073546
11234.0,2024-08-01,401.161201343941
11234.0,2024-09-01,212.1334618315323
11234.0,2024-10-01,241.80142865647477
11234.0,2024-11-01,256.09377039714815
11234.0,2024-12-01,183.50454855755498
11235.0,2024-01-01,346.62277106976336
11235.0,2024-02-01,349.9469117422507
11235.0,2024-03-01,513.5153287702486
11235.0,2024-04-01,367.78638822540694
11235.0,2024-05-01,385.0854342317438
11235.0,2024-06-01,454.1099191491032
11235.0,2024-07-01,542.9563491796539
11235.0,2024-08-01,260.9314050791007
11235.0,2024-09-01,176.73059994068802
11235.0,2024-10-01,194.8118156555511
11235.0,2024-11-01,181.75199378350896
11235.0,2024-12-01,149.96290822862775
11236.0,2024-01-01,321.409677600334
11236.0,2024-02-01,225.12184055704498
11236.0,2024-03-01,232.77350519120395
11236.0,2024-04-01,317.4096592398427
11236.0,2024-05-01,390.3428415828822
11236.0,2024-06-01,376.60789649923896
11236.0,2024-07-01,344.51323971147673
11236.0,2024-08-01,284.4741675170068
11236.0,2024-09-01,181.3788287907003
11236.0,2024-10-01,166.87632287249082
11236.0,2024-11-01,147.05813792233988
11236.0,2024-12-01,147.67333643227406
11237.0,2024-01-01,460.156472574583
11237.0,2024-02-01,281.32168996710527
11237.0,2024-03-01,305.31796839126486
11237.0,2024-04-01,324.7680748910675
11237.0,2024-05-01,296.23803202556104
11237.0,2024-06-01,314.76469175960347
11237.0,2024-07-01,382.40924053913943
11237.0,2024-08-01,226.84680362021857
11237.0,2024-09-01,212.73972102396513
11237.0,2024-10-01,185.0305198526402
11237.0,2024-11-01,242.4404605654762
11237.0,2024-12-01,281.138506926629
11238.0,2024-01-01,334.5560774138991
11238.0,2024-02-01,389.8575560393485
11238.0,2024-03-01,375.7619037356322
11238.0,2024-04-01,373.2305637544274
11238.0,2024-05-01,440.6767189436648
11238.0,2024-06-01,406.00491210178706
11238.0,2024-07-01,447.6339819616186
11238.0,2024-08-01,304.94350162443146
11238.0,2024-09-01,226.42548821218077
11238.0,2024-10-01,303.6911958132642
11238.0,2024-11-01,385.8029090380703
11238.0,2024-12-01,340.33599711839986
11239.0,2024-01-01,56.08288401617608
11239.0,2024-02-01,40.14807287705957
11239.0,2024-03-01,44.1319978265843
11239.0,2024-04-01,48.76391613301877
11239.0,2024-05-01,58.34890912435615
11239.0,2024-06-01,57.13831502623537
11239.0,2024-07-01,32.69765620471802
11239.0,2024-08-01,49.61541268214936
11239.0,2024-09-01,36.71610312814145
11239.0,2024-10-01,39.08821987244042
11239.0,2024-11-01,43.224429980276135
11239.0,2024-12-01,45.43669123931624
11241.0,2024-01-01,2.330277777777778
11241.0,2024-02-01,743.9536111111112
11241.0,2024-03-01,154.78305555555556
11241.0,2024-04-01,1368.716111111111
11241.0,2024-05-01,2502.3725793650797
11241.0,2024-06-01,0.802888888888889
11241.0,2024-08-01,3.4319444444444445
11241.0,2024-09-01,8.661041666666666
11241.0,2024-10-01,2.7675
11241.0,2024-11-01,729.7016666666667
11242.0,2024-01-01,4720.691111111111
11242.0,2024-03-01,8.940238095238096
11242.0,2024-04-01,0.6708333333333334
11242.0,2024-05-01,497.1131623931624
11242.0,2024-06-01,6.060277777777777
11242.0,2024-07-01,18.43638888888889
11242.0,2024-08-01,1.5179166666666668
11242.0,2024-10-01,211.67520833333333
11249.0,2024-01-01,460.27329066714407
11249.0,2024-02-01,528.1122997793354
11249.0,2024-03-01,435.46587911156325
11249.0,2024-04-01,469.7698953227124
11249.0,2024-05-01,499.4340134994808
11249.0,2024-06-01,456.7798086329176
11249.0,2024-07-01,429.3137375847025
11249.0,2024-08-01,383.05899991292233
11249.0,2024-09-01,458.43588991093594
11249.0,2024-10-01,272.17568164898563
11249.0,2024-11-01,344.97418462543146
11249.0,2024-12-01,243.33015215355806
11251.0,2024-01-01,46.25
11251.0,2024-02-01,5.210138888888888
11251.0,2024-03-01,0.39444444444444443
11251.0,2024-04-01,2.6818055555555556
11251.0,2024-05-01,0.7424074074074074
11251.0,2024-06-01,46.64767361111112
11251.0,2024-07-01,3.1175
11251.0,2024-10-01,1.6841666666666666
11251.0,2024-11-01,53.96722222222222
11354.0,2024-01-01,389.91707369323046
11354.0,2024-02-01,321.2667880777031
11354.0,2024-03-01,255.56974231464739
11354.0,2024-04-01,364.36745370370375
11354.0,2024-05-01,415.6188460845274
11354.0,2024-06-01,265.2344684061058
11354.0,2024-07-01,339.87509998496466
11354.0,2024-08-01,283.98879734372383
11354.0,2024-09-01,320.68059481420613
11354.0,2024-10-01,286.25710613598676
11354.0,2024-11-01,230.77407934598594
11354.0,2024-12-01,214.64539119000656
11355.0,2024-01-01,272.0608833435395
11355.0,2024-02-01,229.29131056325974
11355.0,2024-03-01,228.596242172447
11355.0,2024-04-01,320.6407925191155
11355.0,2024-05-01,358.69716881052705
11355.0,2024-06-01,387.34267633280547
11355.0,2024-07-01,351.4403562068144
11355.0,2024-08-01,303.74785268817203
11355.0,2024-09-01,309.71617609254497
11355.0,2024-10-01,241.3718768076645
11355.0,2024-11-01,243.78806133924556
11355.0,2024-12-01,293.38588818410244
11356.0,2024-01-01,148.30923166392995
11356.0,2024-02-01,166.20664871607642
11356.0,2024-03-01,135.3553830835696
11356.0,2024-04-01,226.06555874433107
11356.0,2024-05-01,270.98469098370697
11356.0,2024-06-01,282.8813216761185
11356.0,2024-07-01,382.5818471009219
11356.0,2024-08-01,213.86143539049027
11356.0,2024-09-01,181.17851994301995
11356.0,2024-10-01,133.3434786647489
11356.0,2024-11-01,117.41142471758556
11356.0,2024-12-01,217.53819563970166
11357.0,2024-01-01,433.99869412515966
11357.0,2024-02-01,363.0737391774892
11357.0,2024-03-01,290.3792390358037
11357.0,2024-04-01,521.8538167053364
11357.0,2024-05-01,394.6082877562028
11357.0,2024-06-01,549.9005087719298
11357.0,2024-07-01,503.4608165889248
11357.0,2024-08-01,398.85465456206464
11357.0,2024-09-01,284.72726415094337
11357.0,2024-10-01,218.91804581901488
11357.0,2024-11-01,250.86835296296297
11357.0,2024-12-01,141.5217775944261
11358.0,2024-01-01,293.24221257237383
11358.0,2024-02-01,322.53508733303977
11358.0,2024-03-01,288.75334265920594
11358.0,2024-04-01,498.36259173723374
11358.0,2024-05-01,496.7756357072932
11358.0,2024-06-01,590.397987334203
11358.0,2024-07-01,666.1367435115417
11358.0,2024-08-01,492.1178689325972
11358.0,2024-09-01,328.2924309229865
11358.0,2024-10-01,265.91064562289563
11358.0,2024-11-01,295.35435360993904
11358.0,2024-12-01,214.0095308265583
11359.0,2024-01-01,2.365648148148148
11359.0,2024-02-01,9.543988095238095
11359.0,2024-03-01,0.4082986111111111
11359.0,2024-04-01,0.7374754901960784
11359.0,2024-05-01,179.1177485380117
11359.0,2024-06-01,53.89947619047619
11359.0,2024-07-01,135.05338122605363
11359.0,2024-08-01,589.5980092592592
11359.0,2024-09-01,44.04204861111111
11359.0,2024-10-01,144.06293402777777
11359.0,2024-11-01,22.035897435897432
11359.0,2024-12-01,0.3091666666666667
11360.0,2024-01-01,88.4977818627451
11360.0,2024-02-01,227.20059895833333
11360.0,2024-03-01,313.97347073942274
11360.0,2024-04-01,354.33498226950354
11360.0,2024-05-01,305.8520119418484
11360.0,2024-06-01,427.8286715340719
11360.0,2024-07-01,502.4202237237237
11360.0,2024-08-01,426.8605422647528
11360.0,2024-09-01,256.3436739130435
11360.0,2024-10-01,244.1708467202142
11360.0,2024-11-01,228.66173100048098
11360.0,2024-12-01,121.03487662730852
11361.0,2024-01-01,327.88837635756056
11361.0,2024-02-01,331.84814154442756
11361.0,2024-03-01,439.0516696428572
11361.0,2024-04-01,216.9479156769596
11361.0,2024-05-01,382.9256338577097
11361.0,2024-06-01,601.6673068196551
11361.0,2024-07-01,515.5622389962426
11361.0,2024-08-01,314.9972512158623
11361.0,2024-09-01,281.2054158208147
11361.0,2024-10-01,332.8136137316562
11361.0,2024-11-01,195.58886440058478
11361.0,2024-12-01,208.08269068573523
11362.0,2024-01-01,430.6349983215845
11362.0,2024-02-01,368.9099665178572
11362.0,2024-03-01,242.6969795127353
11362.0,2024-04-01,349.05007834757834
11362.0,2024-05-01,699.2490443015363
11362.0,2024-06-01,462.54608834244084
11362.0,2024-07-01,809.8643830128206
11362.0,2024-08-01,560.6878313253012
11362.0,2024-09-01,454.39205606680304
11362.0,2024-10-01,295.52292832909245
11362.0,2024-11-01,212.31809946895424
11362.0,2024-12-01,187.4184164186508
11363.0,2024-01-01,512.5652713178295
11363.0,2024-02-01,130.01435831180018
11363.0,2024-03-01,296.3820261437909
11363.0,2024-04-01,831.5212712191358
11363.0,2024-05-01,774.0575858585859
11363.0,2024-06-01,486.2019782480894
11363.0,2024-07-01,392.4388811297331
11363.0,2024-08-01,436.8845022371365
11363.0,2024-09-01,748.3822857142857
11363.0,2024-10-01,378.72138275015345
11363.0,2024-11-01,222.9653802910053
11363.0,2024-12-01,208.79460506424792
11364.0,2024-01-01,577.210265674171
11364.0,2024-02-01,315.47953349014335
11364.0,2024-03-01,332.79154722679846
11364.0,2024-04-01,454.90003189300415
11364.0,2024-05-01,354.9291275797373
11364.0,2024-06-01,513.6556577394127
11364.0,2024-07-01,586.4160366739288
11364.0,2024-08-01,434.63247039359106
11364.0,2024-09-01,340.2939582095464
11364.0,2024-10-01,199.98698511739693
11364.0,2024-11-01,211.1652285827867
11364.0,2024-12-01,205.71308903536305
11365.0,2024-01-01,259.36190898345154
11365.0,2024-02-01,193.01044684616357
11365.0,2024-03-01,216.5594655069878
11365.0,2024-04-01,303.7470240929705
11365.0,2024-05-01,392.1776324823518
11365.0,2024-06-01,646.8494408831908
11365.0,2024-07-01,380.7161454671354
11365.0,2024-08-01,388.4034899497488
11365.0,2024-09-01,348.3633863531581
11365.0,2024-10-01,284.29742546167336
11365.0,2024-11-01,196.85818902865128
11365.0,2024-12-01,162.21771393901025
11366.0,2024-01-01,56.57617939989915
11366.0,2024-02-01,44.76675915258577
11366.0,2024-03-01,104.71992358078603
11366.0,2024-04-01,102.71915557262332
11366.0,2024-05-01,231.2196682056017
11366.0,2024-06-01,136.08481934646287
11366.0,2024-07-01,136.8663993114775
11366.0,2024-08-01,169.9643299057412
11366.0,2024-09-01,116.82573373863187
11366.0,2024-10-01,97.61664064358791
11366.0,2024-11-01,142.17872972864484
11366.0,2024-12-01,52.658791261833585
11367.0,2024-01-01,229.834905593958
11367.0,2024-02-01,249.44161190476188
11367.0,2024-03-01,224.37900447673564
11367.0,2024-04-01,219.50562710993688
11367.0,2024-05-01,325.71044862604543
11367.0,2024-06-01,501.01502359285473
11367.0,2024-07-01,430.7900603589938
11367.0,2024-08-01,419.69025125178825
11367.0,2024-09-01,285.5496248906387
11367.0,2024-10-01,498.49303548490684
11367.0,2024-11-01,246.78951217996521
11367.0,2024-12-01,253.49107460317464
11368.0,2024-01-01,176.21060741181134
11368.0,2024-02-01,196.52115969267138
11368.0,2024-03-01,183.08920920752462
11368.0,2024-04-01,176.5581766902037
11368.0,2024-05-01,198.61599335934827
11368.0,2024-06-01,217.86902789202693
11368.0,2024-07-01,191.01676183712124
11368.0,2024-08-01,185.97308723958332
11368.0,2024-09-01,156.02439095550693
11368.0,2024-10-01,138.7393819007687
11368.0,2024-11-01,206.35675538695617
11368.0,2024-12-01,182.90994851633437
11369.0,2024-01-01,330.46403994708993
11369.0,2024-02-01,294.18658502359995
11369.0,2024-03-01,255.88440756659242
11369.0,2024-04-01,319.6450683635971
11369.0,2024-05-01,369.5414883782356
11369.0,2024-06-01,440.7352410130719
11369.0,2024-07-01,384.29779440848614
11369.0,2024-08-01,317.6055768115942
11369.0,2024-09-01,246.57887570394206
11369.0,2024-10-01,252.27650034143014
11369.0,2024-11-01,263.090809600863
11369.0,2024-12-01,255.00625104652553
11370.0,2024-01-01,394.93679175864605
11370.0,2024-02-01,204.6316550256904
11370.0,2024-03-01,305.6161525585844
11370.0,2024-04-01,219.10647966816265
11370.0,2024-05-01,363.5486631944445
11370.0,2024-06-01,322.848847487615
11370.0,2024-07-01,345.63460329726945
11370.0,2024-08-01,297.6462901058954
11370.0,2024-09-01,287.5033996258337
11370.0,2024-10-01,251.1764911668991
11370.0,2024-11-01,248.74418854508517
11370.0,2024-12-01,165.4970350829726
11371.0,2024-02-01,409.125
11371.0,2024-03-01,1011.7744444444445
11371.0,2024-04-01,1633.0625
11371.0,2024-05-01,1315.966388888889
11371.0,2024-06-01,24.73472222222222
11371.0,2024-07-01,983.7186111111112
11371.0,2024-08-01,322.86490740740743
11371.0,2024-09-01,24.878333333333334
11371.0,2024-10-01,1339.581574074074
11371.0,2024-11-01,1011.2437037037038
11372.0,2024-01-01,282.7837683521259
11372.0,2024-02-01,227.54783120915033
11372.0,2024-03-01,282.2867978182264
11372.0,2024-04-01,373.78882550785227
11372.0,2024-05-01,355.8147381031985
11372.0,2024-06-01,441.0076981219128
11372.0,2024-07-01,302.34664306463327
11372.0,2024-08-01,218.19293245910885
11372.0,2024-09-01,263.4955364518794
11372.0,2024-10-01,191.57542941433567
11372.0,2024-11-01,193.79515594157127
11372.0,2024-12-01,155.9617940932592
11373.0,2024-01-01,248.60123597839637
11373.0,2024-02-01,183.3747245279948
11373.0,2024-03-01,168.9983290843425
11373.0,2024-04-01,250.2677014140499
11373.0,2024-05-01,244.8033929526254
11373.0,2024-06-01,314.49535967242144
11373.0,2024-07-01,270.85652921109966
11373.0,2024-08-01,195.6622968342961
11373.0,2024-09-01,177.1475080628381
11373.0,2024-10-01,200.47812527765439
11373.0,2024-11-01,222.00576608928318
11373.0,2024-12-01,224.9354623717529
11374.0,2024-01-01,183.91536650577322
11374.0,2024-02-01,155.15022330648492
11374.0,2024-03-01,192.48948672450052
11374.0,2024-04-01,216.84952417057255
11374.0,2024-05-01,235.0603600823045
11374.0,2024-06-01,453.52954824136816
11374.0,2024-07-01,473.65600929221034
11374.0,2024-08-01,258.7308983983984
11374.0,2024-09-01,237.5616007897412
11374.0,2024-10-01,141.44237385405208
11374.0,2024-11-01,139.73044617454823
11374.0,2024-12-01,205.60880530107275
11375.0,2024-01-01,285.6666165831942
11375.0,2024-02-01,162.10536468208824
11375.0,2024-03-01,276.41495322543614
11375.0,2024-04-01,458.4341334046092
11375.0,2024-05-01,504.0236324539444
11375.0,2024-06-01,458.71476560513605
11375.0,2024-07-01,407.69885659303884
11375.0,2024-08-01,280.4075307213077
11375.0,2024-09-01,172.2689470738311
11375.0,2024-10-01,183.40402227463312
11375.0,2024-11-01,218.4562471717728
11375.0,2024-12-01,126.82919370958261
11377.0,2024-01-01,177.12270625071815
11377.0,2024-02-01,183.68653871440856
11377.0,2024-03-01,161.15529945152159
11377.0,2024-04-01,244.32623864932697
11377.0,2024-05-01,230.91251408542976
11377.0,2024-06-01,289.5595869548195
11377.0,2024-07-01,276.27714263231263
11377.0,2024-08-01,249.37848133162976
11377.0,2024-09-01,189.0748466945206
11377.0,2024-10-01,210.94264783153469
11377.0,2024-11-01,159.46808788763732
11377.0,2024-12-01,166.16644226375908
11378.0,2024-01-01,207.46614386792453
11378.0,2024-02-01,141.773422866445
11378.0,2024-03-01,191.73910549238644
11378.0,2024-04-01,178.84409562841532
11378.0,2024-05-01,167.87022991167933
11378.0,2024-06-01,193.9754103095633
11378.0,2024-07-01,216.3449296893047
11378.0,2024-08-01,169.45169040247677
11378.0,2024-09-01,155.23662307791287
11378.0,2024-10-01,166.4669231936855
11378.0,2024-11-01,169.52990918072655
11378.0,2024-12-01,100.04876314924391
11379.0,2024-01-01,332.267154296875
11379.0,2024-02-01,357.07377940644227
11379.0,2024-03-01,414.67904320987657
11379.0,2024-04-01,411.5007459259259
11379.0,2024-05-01,546.4626109057301
11379.0,2024-06-01,593.1718854060482
11379.0,2024-07-01,365.17346848072566
11379.0,2024-08-01,442.1405283717105
11379.0,2024-09-01,285.09376656664165
11379.0,2024-10-01,244.98139449112975
11379.0,2024-11-01,232.67086689038032
11379.0,2024-12-01,139.23260666916917
11385.0,2024-01-01,256.79251365553483
11385.0,2024-02-01,234.77261754250952
11385.0,2024-03-01,266.89548697052015
11385.0,2024-04-01,375.30976364234056
11385.0,2024-05-01,382.01132102102105
11385.0,2024-06-01,416.6131012509198
11385.0,2024-07-01,438.63905323811326
11385.0,2024-08-01,334.5298433540083
11385.0,2024-09-01,314.041432984988
11385.0,2024-10-01,376.39310384484696
11385.0,2024-11-01,192.8185298836743
11385.0,2024-12-01,182.720090441361
11411.0,2024-01-01,312.6674895424837
11411.0,2024-02-01,225.81708013640238
11411.0,2024-03-01,256.73001891252954
11411.0,2024-04-01,283.609059714795
11411.0,2024-05-01,384.9185908119658
11411.0,2024-06-01,686.1099869565218
11411.0,2024-07-01,444.7009224412585
11411.0,2024-08-01,477.87109375
11411.0,2024-09-01,290.2142848164907
11411.0,2024-10-01,260.2817966558792
11411.0,2024-11-01,193.71981800766284
11411.0,2024-12-01,198.62049951267056
11412.0,2024-01-01,326.9037315887316
11412.0,2024-02-01,236.6334850823045
11412.0,2024-03-01,257.55695734002506
11412.0,2024-04-01,296.2287004525593
11412.0,2024-05-01,411.7637334574028
11412.0,2024-06-01,507.35281983178396
11412.0,2024-07-01,311.0826077564298
11412.0,2024-08-01,282.2706186600613
11412.0,2024-09-01,248.23569947209654
11412.0,2024-10-01,250.58716470258136
11412.0,2024-11-01,317.02562233236955
11412.0,2024-12-01,218.2922308039747
11413.0,2024-01-01,204.983261330908
11413.0,2024-02-01,282.7375507891858
11413.0,2024-03-01,333.36350136807044
11413.0,2024-04-01,482.6846689255965
11413.0,2024-05-01,539.1808198978906
11413.0,2024-06-01,412.9860504062736
11413.0,2024-07-01,546.1458891437309
11413.0,2024-08-01,351.34410422267024
11413.0,2024-09-01,327.29846477923826
11413.0,2024-10-01,296.1611655103543
11413.0,2024-11-01,258.86339651562736
11413.0,2024-12-01,231.36871507936507
11414.0,2024-01-01,486.2282528422662
11414.0,2024-02-01,603.9726774238615
11414.0,2024-03-01,349.21599042610575
11414.0,2024-04-01,639.945700877415
11414.0,2024-05-01,639.1163783608681
11414.0,2024-06-01,601.4546218317124
11414.0,2024-07-01,408.86938260903065
11414.0,2024-08-01,655.2424249903213
11414.0,2024-09-01,546.1331999185253
11414.0,2024-10-01,1219.6738964235483
11414.0,2024-11-01,2244.0982448445675
11414.0,2024-12-01,2027.7789831585637
11415.0,2024-01-01,282.6596603811841
11415.0,2024-02-01,248.45606659905343
11415.0,2024-03-01,278.4591926220455
11415.0,2024-04-01,337.8154726368159
11415.0,2024-05-01,583.4549139118458
11415.0,2024-06-01,418.4321926582902
11415.0,2024-07-01,432.50915984036965
11415.0,2024-08-01,321.52138360347664
11415.0,2024-09-01,316.9715842554172
11415.0,2024-10-01,224.40076342899192
11415.0,2024-11-01,336.09842768540517
11415.0,2024-12-01,338.6582508680555
11416.0,2024-01-01,252.28409681847543
11416.0,2024-02-01,248.93027697028427
11416.0,2024-03-01,284.3342829158638
11416.0,2024-04-01,238.41810025542785
11416.0,2024-05-01,280.3329324013556
11416.0,2024-06-01,265.74698967889907
11416.0,2024-07-01,272.54609911837156
11416.0,2024-08-01,273.3811830912184
11416.0,2024-09-01,222.64873077876982
11416.0,2024-10-01,400.7549016979446
11416.0,2024-11-01,259.54884695290855
11416.0,2024-12-01,131.08813552188553
11417.0,2024-01-01,188.66453204103382
11417.0,2024-02-01,235.40119982993198
11417.0,2024-03-01,301.4507325551728
11417.0,2024-04-01,371.182514961608
11417.0,2024-05-01,317.6485748093006
11417.0,2024-06-01,328.193732613618
11417.0,2024-07-01,354.57550537066385
11417.0,2024-08-01,286.3811096962837
11417.0,2024-09-01,233.94805354993983
11417.0,2024-10-01,313.18483601414556
11417.0,2024-11-01,771.4567866344605
11417.0,2024-12-01,315.36650203166596
11418.0,2024-01-01,211.81036994485294
11418.0,2024-02-01,185.43977582326463
11418.0,2024-03-01,306.9207074983536
11418.0,2024-04-01,282.24330508913766
11418.0,2024-05-01,363.1777887970615
11418.0,2024-06-01,251.65168373784607
11418.0,2024-07-01,308.78955503916
11418.0,2024-08-01,234.2593291404612
11418.0,2024-09-01,167.7014500690744
11418.0,2024-10-01,176.12702164768646
11418.0,2024-11-01,326.1838700692563
11418.0,2024-12-01,189.14793042754735
11419.0,2024-01-01,265.58155433901055
11419.0,2024-02-01,406.0506694586065
11419.0,2024-03-01,295.35126091869773
11419.0,2024-04-01,738.3391419259259
11419.0,2024-05-01,572.8596139856859
11419.0,2024-06-01,419.945474387587
11419.0,2024-07-01,561.0022985122708
11419.0,2024-08-01,382.9498298035605
11419.0,2024-09-01,422.77936570074394
11419.0,2024-10-01,759.2321752206504
11419.0,2024-11-01,803.2551786183346
11419.0,2024-12-01,925.670518405944
11420.0,2024-01-01,309.1942443609023
11420.0,2024-02-01,283.6944772511439
11420.0,2024-03-01,354.6147864548118
11420.0,2024-04-01,440.9670514612875
11420.0,2024-05-01,368.6711711711711
11420.0,2024-06-01,371.46989669722103
11420.0,2024-07-01,426.94540924711026
11420.0,2024-08-01,320.16844693235697
11420.0,2024-09-01,262.71980382208693
11420.0,2024-10-01,550.4991298010974
11420.0,2024-11-01,419.78755682254473
11420.0,2024-12-01,265.5970621872766
11421.0,2024-01-01,103.42929848078641
11421.0,2024-02-01,156.9434626320065
11421.0,2024-03-01,101.09979537037036
11421.0,2024-04-01,158.44580766341096
11421.0,2024-05-01,192.60580513716073
11421.0,2024-06-01,170.80571263318112
11421.0,2024-07-01,169.39903312302837
11421.0,2024-08-01,227.23297739754963
11421.0,2024-09-01,162.48991120784964
11421.0,2024-10-01,154.16302745935417
11421.0,2024-11-01,156.2262347031011
11421.0,2024-12-01,102.33562879661669
11422.0,2024-01-01,322.02739963850837
11422.0,2024-02-01,318.48843967921897
11422.0,2024-03-01,278.6737333762334
11422.0,2024-04-01,435.4637802802803
11422.0,2024-05-01,390.1070992499564
11422.0,2024-06-01,605.7259092533048
11422.0,2024-07-01,561.2226367716802
11422.0,2024-08-01,473.2737812551747
11422.0,2024-09-01,323.9173728354978
11422.0,2024-10-01,203.24001338688086
11422.0,2024-11-01,269.91005634437687
11422.0,2024-12-01,241.15370633187771
11423.0,2024-01-01,288.1306750465549
11423.0,2024-02-01,267.78925894854586
11423.0,2024-03-01,229.2917259307737
11423.0,2024-04-01,302.19494211162953
11423.0,2024-05-01,430.1815998852835
11423.0,2024-06-01,408.3741025067144
11423.0,2024-07-01,373.69687122671803
11423.0,2024-08-01,358.47681814604977
11423.0,2024-09-01,274.7237180692681
11423.0,2024-10-01,225.95308065595714
11423.0,2024-11-01,309.1501351111111
11423.0,2024-12-01,233.328748989899
11426.0,2024-01-01,501.1436964472309
11426.0,2024-02-01,523.5064459408903
11426.0,2024-03-01,573.8435314144227
11426.0,2024-04-01,464.40850540123455
11426.0,2024-05-01,526.3291149109015
11426.0,2024-06-01,675.9775858882366
11426.0,2024-07-01,858.2279190821256
11426.0,2024-08-01,740.1945770487682
11426.0,2024-09-01,422.7170005989817
11426.0,2024-10-01,335.6439700374532
11426.0,2024-11-01,306.8898019125683
11426.0,2024-12-01,156.80327597840756
11427.0,2024-01-01,277.9785180125481
11427.0,2024-02-01,258.74075684380034
11427.0,2024-03-01,244.2299258360302
11427.0,2024-04-01,374.66913762287754
11427.0,2024-05-01,571.2629502147074
11427.0,2024-06-01,253.4542196550816
11427.0,2024-07-01,514.0046518759019
11427.0,2024-08-01,473.9121985479798
11427.0,2024-09-01,376.1534190759637
11427.0,2024-10-01,342.09145342951155
11427.0,2024-11-01,218.68451519369054
11427.0,2024-12-01,154.28236741060715
11428.0,2024-01-01,411.9609643062752
11428.0,2024-02-01,339.64437254011506
11428.0,2024-03-01,227.96475634578545
11428.0,2024-04-01,215.9208408071749
11428.0,2024-05-01,270.26625248015876
11428.0,2024-06-01,336.1067899683603
11428.0,2024-07-01,885.7708152173913
11428.0,2024-08-01,326.37869525126786
11428.0,2024-09-01,297.5130192107996
11428.0,2024-10-01,307.4971930415264
11428.0,2024-11-01,292.2571042382589
11428.0,2024-12-01,308.6684433305486
11429.0,2024-01-01,232.10099517419962
11429.0,2024-02-01,270.2276766595289
11429.0,2024-03-01,180.14556956956957
11429.0,2024-04-01,261.93826788291074
11429.0,2024-05-01,422.1611981903094
11429.0,2024-06-01,394.5531271995978
11429.0,2024-07-01,446.5171583162917
11429.0,2024-08-01,402.66083042683937
11429.0,2024-09-01,345.9093361059766
11429.0,2024-10-01,349.69988465974626
11429.0,2024-11-01,309.9488109252375
11429.0,2024-12-01,467.89212282398455
11430.0,2024-01-01,1659.175840192044
11430.0,2024-02-01,1402.4916827485379
11430.0,2024-03-01,1546.2796596244132
11430.0,2024-04-01,1889.6158158263304
11430.0,2024-05-01,1875.1584997605364
11430.0,2024-06-01,1941.3616728624534
11430.0,2024-07-01,1774.732303482587
11430.0,2024-08-01,1461.122891018196
11430.0,2024-09-01,878.398336489899
11430.0,2024-10-01,903.3900219036241
11430.0,2024-11-01,1078.1863194444443
11430.0,2024-12-01,1590.1060586734693
11432.0,2024-01-01,312.01645903637046
11432.0,2024-02-01,239.7241927490871
11432.0,2024-03-01,273.4761081109699
11432.0,2024-04-01,273.92454277286134
11432.0,2024-05-01,288.70281450143955
11432.0,2024-06-01,241.18962959863111
11432.0,2024-07-01,188.32197383989646
11432.0,2024-08-01,212.62495592237605
11432.0,2024-09-01,163.0655174872209
11432.0,2024-10-01,185.35657095349876
11432.0,2024-11-01,204.22431486611262
11432.0,2024-12-01,149.43603285458755
11433.0,2024-01-01,198.46394680566692
11433.0,2024-02-01,164.8974021287643
11433.0,2024-03-01,161.28570668961257
11433.0,2024-04-01,215.30681983845548
11433.0,2024-05-01,305.35850854700857
11433.0,2024-06-01,500.8316946164431
11433.0,2024-07-01,332.051694595999
11433.0,2024-08-01,305.25274827716413
11433.0,2024-09-01,183.57014868512712
11433.0,2024-10-01,155.5724812345679
11433.0,2024-11-01,217.47455839741446
11433.0,2024-12-01,285.33656166129896
11434.0,2024-01-01,345.310135631863
11434.0,2024-02-01,263.5122177376807
11434.0,2024-03-01,212.52823372615038
11434.0,2024-04-01,324.10366897305175
11434.0,2024-05-01,381.8321508459411
11434.0,2024-06-01,413.3704898591739
11434.0,2024-07-01,305.95667637572404
11434.0,2024-08-01,298.99035418752084
11434.0,2024-09-01,245.10644429055097
11434.0,2024-10-01,244.16655628996023
11434.0,2024-11-01,284.4640157249707
11434.0,2024-12-01,218.30923062330623
11435.0,2024-01-01,180.91761588275392
11435.0,2024-02-01,236.0968126434454
11435.0,2024-03-01,185.20525606469002
11435.0,2024-04-01,185.4436958974359
11435.0,2024-05-01,315.95582179822924
11435.0,2024-06-01,369.15330051504304
11435.0,2024-07-01,279.51417344567113
11435.0,2024-08-01,268.56109539099606
11435.0,2024-09-01,160.9671330050981
11435.0,2024-10-01,223.10286157487366
11435.0,2024-11-01,248.8540655701337
11435.0,2024-12-01,181.55718440271258
11436.0,2024-01-01,256.48326673164394
11436.0,2024-02-01,151.15734761219102
11436.0,2024-03-01,174.07244057052299
11436.0,2024-04-01,285.1990522875817
11436.0,2024-05-01,369.2073870262391
11436.0,2024-06-01,402.69163306451617
11436.0,2024-07-01,253.10478242376652
11436.0,2024-08-01,359.95148508294994
11436.0,2024-09-01,181.57790232212773
11436.0,2024-10-01,219.02709471123669
11436.0,2024-11-01,194.4184196969697
11436.0,2024-12-01,158.27891737891738
11501.0,2024-12-01,737.2005555555555
11520.0,2024-05-01,734.0222222222222
11542.0,2024-08-01,738.2894444444445
11550.0,2024-10-01,168.4088888888889
11552.0,2024-11-01,734.0955555555555
11553.0,2024-02-01,783.8927777777777
11561.0,2024-02-01,913.9347222222223
11561.0,2024-08-01,50.11194444444445
11572.0,2024-02-01,2039.5055555555555
11572.0,2024-03-01,752.31625
11575.0,2024-03-01,93.9336111111111
11576.0,2024-11-01,122.17222222222222
11577.0,2024-11-01,139.99027777777778
11580.0,2024-09-01,734.8616666666667
11581.0,2024-05-01,779.5169444444444
11590.0,2024-03-01,730.8705555555556
11590.0,2024-08-01,308.6813888888889
11590.0,2024-09-01,737.1005555555555
11691.0,2024-01-01,314.56347849462367
11691.0,2024-02-01,292.7177123763318
11691.0,2024-03-01,302.4302402874903
11691.0,2024-04-01,273.6074337497634
11691.0,2024-05-01,324.8151213040182
11691.0,2024-06-01,367.2892904390877
11691.0,2024-07-01,355.3064919965391
11691.0,2024-08-01,234.44387601576958
11691.0,2024-09-01,225.71477083333332
11691.0,2024-10-01,238.78720666044194
11691.0,2024-11-01,235.06909126984127
11691.0,2024-12-01,262.7578000148247
11692.0,2024-01-01,202.2009038723487
11692.0,2024-02-01,246.8083916831032
11692.0,2024-03-01,285.2952284527518
11692.0,2024-04-01,312.257609739369
11692.0,2024-05-01,288.8918088410992
11692.0,2024-06-01,297.396568627451
11692.0,2024-07-01,295.1584644039735
11692.0,2024-08-01,322.06715501792115
11692.0,2024-09-01,154.78782024793387
11692.0,2024-10-01,219.24762090890138
11692.0,2024-11-01,304.0497785927737
11692.0,2024-12-01,354.60252992453815
11693.0,2024-01-01,324.60783724091067
11693.0,2024-02-01,276.59879700042245
11693.0,2024-03-01,179.8026503567788
11693.0,2024-04-01,283.6472291884361
11693.0,2024-05-01,188.2742207001522
11693.0,2024-06-01,251.57710241545894
11693.0,2024-07-01,288.1394254115226
11693.0,2024-08-01,197.95107181571817
11693.0,2024-09-01,327.4133210558625
11693.0,2024-10-01,168.85266614745586
11693.0,2024-11-01,217.82404088050316
11693.0,2024-12-01,284.0148088793922
11694.0,2024-01-01,313.38817133770624
11694.0,2024-02-01,238.34304455445545
11694.0,2024-03-01,415.88808967796973
11694.0,2024-04-01,437.55806055155875
11694.0,2024-05-01,536.0778190104166
11694.0,2024-06-01,445.64638256425826
11694.0,2024-07-01,784.2574096211596
11694.0,2024-08-01,499.0692702976469
11694.0,2024-09-01,372.4312739160962
11694.0,2024-10-01,411.6027918227216
11694.0,2024-11-01,202.07089321357284
11694.0,2024-12-01,290.37006445357065
11695.0,2024-06-01,60.1575
11695.0,2024-08-01,2717.195277777778
11695.0,2024-11-01,8.836388888888889
11697.0,2024-01-01,954.0134259259258
11697.0,2024-02-01,973.6085
11697.0,2024-03-01,273.09607142857146
11697.0,2024-04-01,214.35408333333334
11697.0,2024-05-01,80.10275252525253
11697.0,2024-06-01,289.7170588235294
11697.0,2024-07-01,251.75560185185188
11697.0,2024-08-01,108.49354166666667
11697.0,2024-09-01,156.65060185185186
11697.0,2024-10-01,167.378487654321
11697.0,2024-11-01,87.75524305555555
11697.0,2024-12-01,445.51245370370367
11703.0,2024-04-01,747.9244444444445
11704.0,2024-10-01,2185.2308333333335
11704.0,2024-12-01,728.5208333333334
11706.0,2024-01-01,731.6861111111111
11706.0,2024-08-01,758.4219444444444
11706.0,2024-10-01,728.5475
11709.0,2024-04-01,782.2861111111112
11714.0,2024-05-01,735.7625
11716.0,2024-08-01,781.9944444444444
11725.0,2024-01-01,22.614444444444445
11726.0,2024-04-01,15.054722222222223
11735.0,2024-01-01,734.9138888888889
11735.0,2024-02-01,732.7941666666667
11743.0,2024-05-01,693.3091666666667
11743.0,2024-09-01,96.52833333333334
11747.0,2024-01-01,22.549444444444443
11747.0,2024-07-01,789.6044444444444
11749.0,2024-08-01,38.99194444444444
11751.0,2024-01-01,71.15194444444444
11753.0,2024-01-01,755.3505555555555
11767.0,2024-07-01,786.5669444444444
11767.0,2024-12-01,42.18666666666667
11780.0,2024-06-01,734.6275
11788.0,2024-10-01,38.26444444444444
11791.0,2024-01-01,762.1669444444444
11791.0,2024-04-01,111.38638888888889
11791.0,2024-05-01,377.35055555555556
11791.0,2024-06-01,382.5422222222222
11798.0,2024-05-01,0.7427777777777778
11801.0,2024-04-01,782.5377777777778
11801.0,2024-11-01,733.5722222222222
11803.0,2024-10-01,3111.3483333333334
12065.0,2024-08-01,506.0252777777778
12345.0,2024-01-01,108.96222222222222
12345.0,2024-02-01,761.0497222222222
12345.0,2024-04-01,0.0
12345.0,2024-05-01,2.493888888888889
12345.0,2024-06-01,2.7041666666666666
12345.0,2024-09-01,5.618972222222222
12345.0,2024-10-01,1.3137962962962961
12345.0,2024-11-01,1.8625
12345.0,2024-12-01,293.96
12528.0,2024-11-01,737.8652777777778
12747.0,2024-09-01,726.6441666666667
13850.0,2024-05-01,18.058055555555555
14215.0,2024-08-01,735.8552777777778
14221.0,2024-04-01,735.3858333333334
14580.0,2024-05-01,729.0013888888889
15212.0,2024-02-01,733.6697222222223
15212.0,2024-09-01,734.5991666666666
17110.0,2024-02-01,732.2391666666666
17110.0,2024-04-01,735.4626388888889
17110.0,2024-06-01,739.6036111111111
17111.0,2024-08-01,786.2125
17606.0,2024-02-01,732.4563888888889
18508.0,2024-09-01,14.985555555555555
18508.0,2024-10-01,26.592222222222222
18642.0,2024-06-01,47.695277777777775
19013.0,2024-03-01,601.5255555555556
19013.0,2024-07-01,735.6127777777778
19034.0,2024-02-01,747.3961111111112
19034.0,2024-04-01,733.4005555555556
19034.0,2024-07-01,733.4272222222222
19082.0,2024-08-01,19.03527777777778
19428.0,2024-05-01,1656.3797222222222
28201.0,2024-08-01,787.9322222222222
29603.0,2024-09-01,733.3419444444445
33021.0,2024-05-01,734.9725
33394.0,2024-02-01,20.08
33496.0,2024-01-01,735.7455555555556
33496.0,2024-11-01,1413.7472222222223
33614.0,2024-05-01,731.3330555555556
33614.0,2024-06-01,732.7516666666667
35244.0,2024-07-01,726.1694444444445
37068.0,2024-05-01,1634.7802777777779
37072.0,2024-10-01,807.045
38153.0,2024-07-01,784.8619444444445
40031.0,2024-11-01,912.6880555555556
40202.0,2024-06-01,760.8880555555555
46250.0,2024-08-01,724.9816666666667
48125.0,2024-05-01,762.9655555555555
49204.0,2024-09-01,406.35555555555555
50613.0,2024-08-01,737.2041666666667
55343.0,2024-04-01,751.8686111111111
55433.0,2024-05-01,727.9575
55439.0,2024-04-01,398.7275
55439.0,2024-07-01,828.4119444444444
55439.0,2024-11-01,372.4505555555556
55439.0,2024-12-01,780.3552777777778
56377.0,2024-01-01,383.8411111111111
56377.0,2024-03-01,733.4744444444444
61265.0,2024-08-01,732.2891666666667
63045.0,2024-06-01,1623.203611111111
63640.0,2024-03-01,734.8
72712.0,2024-12-01,72.53194444444445
75065.0,2024-08-01,784.8980555555555
75262.0,2024-11-01,903.8188888888889
76096.0,2024-04-01,237.14277777777778
77478.0,2024-02-01,68.43277777777777
77491.0,2024-07-01,91.37125
77491.0,2024-12-01,18.315833333333334
84020.0,2024-10-01,730.7969444444444
84043.0,2024-07-01,24.690555555555555
84058.0,2024-06-01,736.3058333333333
84117.0,2024-01-01,24.270555555555557
84117.0,2024-05-01,777.8258333333333
84117.0,2024-07-01,781.4319444444444
85252.0,2024-05-01,26.7725
89113.0,2024-08-01,730.9308333333333
89156.0,2024-06-01,23.27638888888889
90051.0,2024-12-01,1032.9333333333334
91356.0,2024-07-01,733.8591666666666
91744.0,2024-07-01,756.6147222222222
92108.0,2024-04-01,783.0527777777778
92108.0,2024-05-01,733.9797222222222
92108.0,2024-09-01,731.5252777777778
92660.0,2024-11-01,733.7619444444445
92879.0,2024-03-01,78.48611111111111
95128.0,2024-04-01,21.218611111111112
10000,2024-12-01,12.933333333333334
10001,2024-12-01,70.54356321839082
10001.0,2024-12-01,85.7874537037037
10002,2024-12-01,587.3687020648968
10002.0,2024-12-01,88.54652777777778
10003,2024-12-01,223.91454007285975
10003.0,2024-12-01,156.774
10004,2024-12-01,225.19159188034186
10004.0,2024-12-01,0.17819444444444443
10005,2024-12-01,129.2173611111111
10006,2024-12-01,380.97849673202614
10007,2024-12-01,138.60848958333332
10009,2024-12-01,361.26676202321727
10009.0,2024-12-01,177.20095679012346
10010,2024-12-01,287.24573333333336
10010.0,2024-12-01,2.8986805555555555
10011,2024-12-01,231.19006766381767
10011.0,2024-12-01,16.354469696969698
10012,2024-12-01,154.8096717171717
10012.0,2024-12-01,907.0384502923978
10013,2024-12-01,237.50315759637186
10013.0,2024-12-01,147.328125
10014,2024-12-01,29.214469696969697
10014.0,2024-12-01,7.42796783625731
10016,2024-12-01,733.8232291666666
10016.0,2024-12-01,167.8661111111111
10017,2024-12-01,419.95086917562725
10017.0,2024-12-01,62.662499999999994
10018,2024-12-01,170.1973611111111
10018.0,2024-12-01,15.243611111111111
10019,2024-12-01,217.4114099859353
10019.0,2024-12-01,218.19041666666666
10020,2024-12-01,522.5117361111112
10021,2024-12-01,343.68903594771245
10021.0,2024-12-01,0.0
10022,2024-12-01,424.882
10022.0,2024-12-01,5.489027777777777
10023,2024-12-01,194.18673913043477
10023.0,2024-12-01,30.123402777777777
10024,2024-12-01,164.39824372759855
10024.0,2024-12-01,1.198888888888889
10025,2024-12-01,216.70984567901232
10025.0,2024-12-01,447.36480994152055
10026,2024-12-01,139.83566723940436
10026.0,2024-12-01,32.28169590643275
10027,2024-12-01,182.26858996051888
10027.0,2024-12-01,96.61699074074073
10028,2024-12-01,293.21136178861786
10028.0,2024-12-01,383.23703703703706
10029,2024-12-01,317.7574374374375
10029.0,2024-12-01,298.2808035714285
10030,2024-12-01,265.14173025435076
10030.0,2024-12-01,29.744358974358974
10031,2024-12-01,275.3112314085739
10031.0,2024-12-01,26.936503267973855
10032,2024-12-01,285.6012048832272
10032.0,2024-12-01,8.258527777777777
10033,2024-12-01,550.0241419330289
10033.0,2024-12-01,94.53061728395062
10034,2024-12-01,153.142278208441
10034.0,2024-12-01,122.18154320987657
10035,2024-12-01,426.46483950617284
10035.0,2024-12-01,59.652206790123465
10036,2024-12-01,321.645202020202
10036.0,2024-12-01,276.29206018518516
10037,2024-12-01,192.24356368563687
10037.0,2024-12-01,199.30039682539683
10038,2024-12-01,270.09017777777774
10038.0,2024-12-01,1.525
10039,2024-12-01,205.83709780092593
10039.0,2024-12-01,58.378417874396135
10040,2024-12-01,87.665
10040.0,2024-12-01,31.27486111111111
10044,2024-12-01,82.43489583333334
10048,2024-12-01,1.4881944444444444
10065,2024-12-01,393.0285440613026
10065.0,2024-12-01,157.07680555555555
10069,2024-12-01,392.0068055555555
10075,2024-12-01,103.25942901234568
10075.0,2024-12-01,19.376555555555555
10111.0,2024-12-01,8.6525
10121,2024-12-01,965.5554166666667
10128,2024-12-01,637.0615204678363
10128.0,2024-12-01,304.4190555555556
10153,2024-12-01,390.1172222222222
10162,2024-12-01,2.498611111111111
10169,2024-12-01,1.0497222222222222
10278,2024-12-01,1.825
10280,2024-12-01,84.39805555555556
10282,2024-12-01,0.9411111111111111
10282.0,2024-12-01,0.35888888888888887
10301,2024-12-01,74.53276803118908
10301.0,2024-12-01,18.02670138888889
10302,2024-12-01,101.50426282051282
10302.0,2024-12-01,84.50805555555556
10303,2024-12-01,172.0423871527778
10303.0,2024-12-01,118.23671296296295
10304,2024-12-01,149.21726495726494
10304.0,2024-12-01,35.71380952380953
10305,2024-12-01,34.21009502923977
10305.0,2024-12-01,2.5818055555555555
10306,2024-12-01,43.98236559139785
10306.0,2024-12-01,285.62319444444444
10307,2024-12-01,5.593388888888889
10307.0,2024-12-01,167.45680555555558
10308,2024-12-01,46.7612962962963
10308.0,2024-12-01,117.565
10309,2024-12-01,62.85350574712644
10309.0,2024-12-01,3.3893055555555556
10310,2024-12-01,43.06556944444445
10310.0,2024-12-01,129.16896825396825
10312,2024-12-01,219.80273358585856
10312.0,2024-12-01,29.302817460317463
10314,2024-12-01,189.59318148148148
10314.0,2024-12-01,301.73286324786324
10400,2024-12-01,2.147222222222222
10451,2024-12-01,129.39308429118773
10451.0,2024-12-01,26.459753086419752
10452,2024-12-01,192.83580655957164
10452.0,2024-12-01,152.5984090909091
10453,2024-12-01,125.72999198717949
10453.0,2024-12-01,38.29764467592593
10454,2024-12-01,220.79464031339032
10454.0,2024-12-01,57.524487179487174
10455,2024-12-01,220.69572886989553
10455.0,2024-12-01,81.23714814814815
10456,2024-12-01,246.98938734030196
10456.0,2024-12-01,71.70688697318008
10457,2024-12-01,142.9141522222222
10457.0,2024-12-01,186.93614512471657
10458,2024-12-01,260.80944333776006
10458.0,2024-12-01,77.9085474537037
10459,2024-12-01,173.30961894586895
10459.0,2024-12-01,120.5493425925926
10460,2024-12-01,127.04730902777777
10460.0,2024-12-01,24.602669082125605
10461,2024-12-01,150.68141319444445
10461.0,2024-12-01,33.58421568627451
10462,2024-12-01,256.63867741935485
10462.0,2024-12-01,282.8372311827957
10463,2024-12-01,81.74028791565287
10463.0,2024-12-01,21.86195652173913
10464,2024-12-01,1515.4508333333333
10465,2024-12-01,242.37039874551974
10465.0,2024-12-01,18.937525252525255
10466,2024-12-01,78.16807061579652
10466.0,2024-12-01,100.92197447447447
10467,2024-12-01,122.72485970819304
10467.0,2024-12-01,143.98995762711863
10468,2024-12-01,169.42647428347075
10468.0,2024-12-01,467.0653571428571
10469,2024-12-01,132.13208122895622
10469.0,2024-12-01,27.59875925925926
10470,2024-12-01,101.85307807807808
10470.0,2024-12-01,485.00506172839505
10471,2024-12-01,177.44412790697675
10471.0,2024-12-01,26.63111111111111
10472,2024-12-01,255.2654298459043
10472.0,2024-12-01,49.16603703703704
10473,2024-12-01,72.73240740740741
10473.0,2024-12-01,394.24202991452995
10474,2024-12-01,91.52561507936507
10474.0,2024-12-01,128.11097222222222
10475,2024-12-01,376.2735185185185
10475.0,2024-12-01,55.41777777777778
11001,2024-12-01,0.16472222222222221
11001.0,2024-12-01,0.6970833333333333
11004,2024-12-01,198.33277777777778
11004.0,2024-12-01,17.266666666666666
11040,2024-12-01,11.887083333333333
11101,2024-12-01,87.53582772166105
11101.0,2024-12-01,392.83089506172837
11102,2024-12-01,21.511289682539683
11102.0,2024-12-01,43.920902777777776
11103,2024-12-01,75.06661111111111
11103.0,2024-12-01,66.14179292929292
11104,2024-12-01,171.01696476964767
11104.0,2024-12-01,71.03375
11105,2024-12-01,44.1387984496124
11105.0,2024-12-01,39.25339743589743
11106,2024-12-01,118.09253812636166
11106.0,2024-12-01,471.85027777777776
11201,2024-12-01,223.9172072072072
11201.0,2024-12-01,121.01047222222223
11203,2024-12-01,232.84603305785123
11203.0,2024-12-01,60.051071428571426
11204,2024-12-01,114.97638211382115
11204.0,2024-12-01,120.68722222222222
11205,2024-12-01,157.85864285714285
11205.0,2024-12-01,10.855530303030303
11206,2024-12-01,210.13404248366012
11206.0,2024-12-01,598.7021527777778
11207,2024-12-01,191.70345996732027
11207.0,2024-12-01,54.53008838383839
11208,2024-12-01,63.52197111111111
11208.0,2024-12-01,24.574166666666667
11209,2024-12-01,250.64204545454547
11209.0,2024-12-01,273.4468518518519
11210,2024-12-01,67.90756066411238
11210.0,2024-12-01,156.19226388888887
11211,2024-12-01,156.14743055555553
11211.0,2024-12-01,315.5495987654321
11212,2024-12-01,319.1498226495727
11212.0,2024-12-01,274.1283080808081
11213,2024-12-01,79.76931763285023
11213.0,2024-12-01,123.8198015873016
11214,2024-12-01,63.24304956035172
11214.0,2024-12-01,202.6105734767025
11215,2024-12-01,323.3969090909091
11215.0,2024-12-01,94.86366666666666
11216,2024-12-01,234.43421052631578
11216.0,2024-12-01,112.2074074074074
11217,2024-12-01,687.2047845804988
11217.0,2024-12-01,3.499351851851852
11218,2024-12-01,116.14105324074075
11218.0,2024-12-01,44.14222222222222
11219,2024-12-01,186.8618402777778
11219.0,2024-12-01,16.327569444444446
11220,2024-12-01,211.61461013645226
11220.0,2024-12-01,110.7533950617284
11221,2024-12-01,656.5405396825397
11221.0,2024-12-01,239.09276315789478
11222,2024-12-01,218.24923160173162
11222.0,2024-12-01,2.685493827160494
11223,2024-12-01,51.57406666666667
11223.0,2024-12-01,19.151373456790125
11224,2024-12-01,56.64808043117745
11224.0,2024-12-01,154.39762345679011
11225,2024-12-01,160.1845606575964
11225.0,2024-12-01,186.5275462962963
11226,2024-12-01,135.33170990566038
11226.0,2024-12-01,319.82932795698923
11228,2024-12-01,99.01952046783626
11228.0,2024-12-01,1.9920138888888888
11229,2024-12-01,160.77725988700564
11229.0,2024-12-01,15.722177777777778
11230,2024-12-01,200.30022875816994
11230.0,2024-12-01,27.0368115942029
11231,2024-12-01,37.98579797979799
11231.0,2024-12-01,0.5344444444444445
11232,2024-12-01,160.55109929078014
11232.0,2024-12-01,12.681190476190476
11233,2024-12-01,220.1393875502008
11233.0,2024-12-01,24.671258169934646
11234,2024-12-01,84.26032362459547
11234.0,2024-12-01,629.4198039215687
11235,2024-12-01,104.78063199105145
11235.0,2024-12-01,13.856200396825399
11236,2024-12-01,105.91772222222222
11236.0,2024-12-01,31.682807017543862
11237,2024-12-01,274.803962264151
11237.0,2024-12-01,214.77516414141417
11238,2024-12-01,176.78276406035667
11238.0,2024-12-01,304.09625603864737
11239,2024-12-01,65.15088261648745
11239.0,2024-12-01,184.80324074074073
11242,2024-12-01,97.35194444444444
11249,2024-12-01,157.54932795698923
11249.0,2024-12-01,23.709267676767674
11354,2024-12-01,119.21417582417583
11354.0,2024-12-01,514.2937654320988
11355,2024-12-01,107.23697565543071
11355.0,2024-12-01,54.45827020202021
11356,2024-12-01,10.950026041666666
11356.0,2024-12-01,7.010625
11357,2024-12-01,30.363285440613026
11357.0,2024-12-01,339.5158333333334
11358,2024-12-01,142.43211886304908
11358.0,2024-12-01,10.531
11359.0,2024-12-01,281.9486111111111
11360,2024-12-01,39.226838624338626
11360.0,2024-12-01,2.7437037037037038
11361,2024-12-01,41.072905982905986
11361.0,2024-12-01,804.1463194444444
11362,2024-12-01,266.88616666666667
11363,2024-12-01,299.35770833333333
11363.0,2024-12-01,92.68333333333334
11364,2024-12-01,82.59364695340501
11364.0,2024-12-01,237.37966666666665
11365,2024-12-01,71.96933796296297
11365.0,2024-12-01,7.263263888888889
11366,2024-12-01,10.608700716845878
11366.0,2024-12-01,1.1061666666666667
11367,2024-12-01,143.1155216802168
11367.0,2024-12-01,512.3293981481481
11368,2024-12-01,216.8093137254902
11368.0,2024-12-01,21.310987654320986
11369,2024-12-01,238.2629715762274
11369.0,2024-12-01,608.740625
11370,2024-12-01,52.743451388888886
11370.0,2024-12-01,836.2962037037037
11372,2024-12-01,209.84999779541445
11372.0,2024-12-01,36.164684343434345
11373,2024-12-01,148.06259694258017
11373.0,2024-12-01,74.53410353535354
11374,2024-12-01,84.25261316872428
11374.0,2024-12-01,25.35929292929293
11375,2024-12-01,119.709049255441
11375.0,2024-12-01,86.81664609053497
11377,2024-12-01,188.62843579234973
11377.0,2024-12-01,45.90744949494949
11378,2024-12-01,60.19642195767196
11378.0,2024-12-01,7.5777222222222225
11379,2024-12-01,37.78574786324786
11379.0,2024-12-01,2.931820987654321
11385,2024-12-01,51.54281438415159
11385.0,2024-12-01,1019.1010702614379
11411,2024-12-01,29.676284722222224
11411.0,2024-12-01,31.91944444444444
11412,2024-12-01,23.85918458781362
11412.0,2024-12-01,93.2987962962963
11413,2024-12-01,110.26719771241831
11413.0,2024-12-01,25.381111111111114
11414,2024-12-01,40.66049145299145
11415,2024-12-01,37.56550264550265
11415.0,2024-12-01,54.24722222222223
11416,2024-12-01,110.74675925925925
11416.0,2024-12-01,43.78256944444444
11417,2024-12-01,140.9105023640662
11417.0,2024-12-01,8.299027777777777
11418,2024-12-01,78.2261259920635
11418.0,2024-12-01,20.704833333333333
11419,2024-12-01,1226.0698015873015
11419.0,2024-12-01,438.86020202020205
11420,2024-12-01,156.58912997903565
11420.0,2024-12-01,29.412449494949495
11421,2024-12-01,24.38223880597015
11421.0,2024-12-01,111.06276709401709
11422,2024-12-01,190.1554461279461
11422.0,2024-12-01,2027.0408333333332
11423,2024-12-01,335.12654654654654
11423.0,2024-12-01,258.5123333333333
11426,2024-12-01,54.367222222222225
11426.0,2024-12-01,20.116527777777776
11427,2024-12-01,108.81581018518519
11427.0,2024-12-01,67.25
11428,2024-12-01,133.04619791666667
11428.0,2024-12-01,10.01013888888889
11429,2024-12-01,7.288244949494949
11429.0,2024-12-01,0.5688888888888889
11430,2024-12-01,882.8645467836258
11430.0,2024-12-01,1497.8970833333333
11432,2024-12-01,208.5281473829201
11432.0,2024-12-01,18.969079861111112
11433,2024-12-01,236.10433673469387
11433.0,2024-12-01,31.911527777777778
11434,2024-12-01,331.1227824858757
11434.0,2024-12-01,183.45077777777777
11435,2024-12-01,102.00785300925925
11435.0,2024-12-01,96.658567251462
11436,2024-12-01,7.269111111111111
11436.0,2024-12-01,4.91875
11691,2024-12-01,102.21502287581698
11691.0,2024-12-01,16.33564814814815
11692,2024-12-01,247.83251388888888
11692.0,2024-12-01,0.8394444444444444
11693,2024-12-01,531.1018576388889
11694,2024-12-01,26.838863636363637
11694.0,2024-12-01,22.68037037037037
11791,2024-12-01,734.1111111111111
Unkno,2024-12-01,733.9288888888889
